品名,種別,留意点等,北・東地区,南・西地区
アーチェリー（一式）,粗大ごみ,,戸別回収,戸別回収
IHコンロ（クッキングヒーター）,小型家電,50センチメートル以上は粗大ごみ。,第2・第4月曜日,第2・第4火曜日
アイスクリームのカップ・フタ（紙製）,燃やすごみ,,毎週火・金曜日,毎週月・木曜日
アイスピック,不燃ごみ,紙に包み指定ごみ袋にいれ「キケン」と表示する。,毎週木曜日,毎週金曜日
アイロン,小型家電,,第2・第4月曜日,第2・第4火曜日
アイロン台,粗大ごみ,,戸別回収,戸別回収
アイロンプリント紙,燃やすごみ,,毎週火・金曜日,毎週月・木曜日
アクセサリー（革製・木製）,燃やすごみ,,毎週火・金曜日,毎週月・木曜日
アクセサリー（金属製）,不燃ごみ,,毎週木曜日,毎週金曜日
アコーディオンカーテン,粗大ごみ,1メートル以上は大型粗大ごみ。,戸別回収,戸別回収
アタッシュケース,不燃ごみ,50センチメートル以上は粗大ごみ。,毎週木曜日,毎週金曜日
（電源）アダプター,小型家電,なるべく小型家電専用回収ボックスへ。,第2・第4月曜日,第2・第4火曜日
厚紙,ミックスペーパー,,集団資源回収日,集団資源回収日
圧着はがき,燃やすごみ,,毎週火・金曜日,毎週月・木曜日
圧力鍋,家庭金物,,集団資源回収日,集団資源回収日
穴あけパンチ,家庭金物,金属以外の部品は外す。,集団資源回収日,集団資源回収日
油（食用）,燃やすごみ,拠点回収へ。燃やすごみへ出す場合は布や紙に染み込ませるか、固める。,毎週火・金曜日,毎週月・木曜日
油紙,燃やすごみ,,毎週火・金曜日,毎週月・木曜日
油の缶（機械用オイルなどの油脂缶）,不燃ごみ,中身は布や紙に染み込ませるか、固めて燃やすごみ。,毎週木曜日,毎週金曜日
油の缶（食用油缶）,スチール缶,中身は拠点回収へ。燃やすごみへ出す場合は布や紙に染み込ませるか、固める。,集団資源回収日,集団資源回収日
雨合羽,燃やすごみ,,毎週火・金曜日,毎週月・木曜日
雨戸（開き戸など）,粗大ごみ,50センチメートル未満の金属製は家庭金物。1メートル以上2メートル以内は大型粗大ごみ。,戸別回収,戸別回収
雨とい（金属製）,不燃ごみ,50センチメートル以上は粗大ごみ。1メートル以上2メートル以内は大型粗大ごみ。,毎週木曜日,毎週金曜日
雨とい（プラスチック製）,燃やすごみ,50センチメートル以上は粗大ごみ。1メートル以上2メートル以内は大型粗大ごみ。,毎週火・金曜日,毎週月・木曜日
編み機,粗大ごみ,1メートル以上は大型粗大ごみ。,戸別回収,戸別回収
網戸（金属製の枠）,粗大ごみ,網を外す。外した網は燃やすごみ。50センチメートル未満は家庭金物。1メートル以上は大型粗大ごみ。,戸別回収,戸別回収
あらい桶（金属製）,家庭金物,50センチメートル以上は粗大ごみ。,集団資源回収日,集団資源回収日
アルミ缶,アルミ缶,中身を空にして汚れを落とす。落ちなければ不燃ごみ。,集団資源回収日,集団資源回収日
アルミサッシ,不燃ごみ,50センチメートル以上は粗大ごみ。1メートル以上2メートル以内は大型粗大ごみ。,毎週木曜日,毎週金曜日
アルミ製の油よけ,不燃ごみ,,毎週木曜日,毎週金曜日
アルミホイル（アルミ箔）,燃やすごみ,,毎週火・金曜日,毎週月・木曜日
アンテナ（テレビ・ラジオ・無線）,粗大ごみ,50センチメートル未満の金属製は家庭金物。1メートル以上は大型粗大ごみ。,戸別回収,戸別回収
アンプ（オーディオ・ギター）,小型家電,50センチメートル以上は粗大ごみ。,第2・第4月曜日,第2・第4火曜日
品名,種別,留意点等,北・東地区,南・西地区
囲碁板,不燃ごみ,50センチメートル以上は粗大ごみ。,毎週木曜日,毎週金曜日
石,収集不可,ページ下部「市では収集・処理できないもの」をご参照ください。,ー,ー
衣装ケース（プラスチック製）,粗大ごみ,,戸別回収,戸別回収
衣装ケース（金属製）,家庭金物,50センチメートル以上は粗大ごみ。,集団資源回収日,集団資源回収日
いす（座椅子など）,粗大ごみ,,戸別回収,戸別回収
板（木製・合板・アクリル製）,燃やすごみ,50センチメートル以上は粗大ごみ。1メートル以上2メートル以内は大型粗大ごみ。,毎週火・金曜日,毎週月・木曜日
板ガラス,不燃ごみ,50センチメートル以上は粗大ごみ。1メートル以上2メートル以内は大型粗大ごみ。,毎週木曜日,毎週金曜日
一輪車,粗大ごみ,,戸別回収,戸別回収
一升びん,あきびん,販売店に返却する。中身を空にして汚れを落とす。拠点回収にも出せる。,第2・第4水曜日,第1・第3水曜日
一升びんのフタ,燃やすごみ,,毎週火・金曜日,毎週月・木曜日
一斗缶（食用油）,家庭金物,中身は拠点回収へ。燃やすごみへ出す場合は布や紙に染み込ませるか、固める。※事業系廃棄物はステーションには出せません。,集団資源回収日,集団資源回収日
一斗缶（ペンキ缶など）,不燃ごみ,中身を出す。※事業系廃棄物はステーションには出せません。,毎週木曜日,毎週金曜日
井戸用ポンプ（手押しポンプのみ）,粗大ごみ,電動ポンプは収集不可。,戸別回収,戸別回収
衣類,布類,,集団資源回収日,集団資源回収日
衣類（羽毛・革製・綿入り）,燃やすごみ,,毎週火・金曜日,毎週月・木曜日
衣類乾燥機,家電4品目,ページ下部「市では収集・処理できないもの」をご参照ください。,ー,ー
入れ歯,燃やすごみ,,毎週火・金曜日,毎週月・木曜日
印画紙,燃やすごみ,,毎週火・金曜日,毎週月・木曜日
インクカートリッジ（家庭のパソコンプリンター用）,燃やすごみ,なるべく拠点回収へ。,毎週火・金曜日,毎週月・木曜日
飲料用紙パック,飲料用紙パック,内側が銀色など紙パックマークのないものは燃やすごみ。,集団資源回収日,集団資源回収日
品名,種別,留意点等,北・東地区,南・西地区
ウインドサーフィンのセイル,粗大ごみ,1メートル未満に切断し指定ごみ袋に入れて口を結べれば燃やすごみ。,戸別回収,戸別回収
ウインドサーフィンのブーム、ボード、マスト,収集不可,ページ下部「市では収集・処理できないもの」をご参照ください。,ー,ー
ウインドファン（窓付け）,粗大ごみ,冷媒を使用していないもの。,戸別回収,戸別回収
ウインドブレーカー,燃やすごみ,,毎週火・金曜日,毎週月・木曜日
ウェイクボード,粗大ごみ,,戸別回収,戸別回収
植木枝（直径15センチメートル未満）,草・葉・植木,長さ1メートル以内にして束ねる。1度に3束まで。,第1・第3・第5月曜日,第1・第3・第5火曜日
植木枝（直径15センチメートル以上20センチメートル未満）,草・葉・植木,長さ80センチメートル以内にして束ねる。1度に3束まで。,第1・第3・第5月曜日,第1・第3・第5火曜日
植木枝（20センチメートル以上30センチメートル未満）,草・葉・植木,長さ30センチメートル以内にして束ねる。1度に3束まで。,第1・第3・第5月曜日,第1・第3・第5火曜日
植木枝（直径30センチメートル以上）,粗大ごみ,,戸別回収,戸別回収
植木鉢（黒いビニール製）,容器包装プラスチック,容器包装プラスチックのマークを確認する。汚れを落とす。汚れが落ちなければ燃やすごみ。,毎週水曜日,毎週水曜日
植木鉢（素焼き・陶器製）,不燃ごみ,50センチメートル以上は粗大ごみ,毎週木曜日,毎週金曜日
植木鉢（プラスチック製）,燃やすごみ,50センチメートル以上は粗大ごみ,毎週火・金曜日,毎週月・木曜日
ウエットスーツ,粗大ごみ,1メートル未満に切断し指定ごみ袋に入れて口を結べれば燃やすごみ。,戸別回収,戸別回収
ウォーターサーバー,収集不可,ページ下部「市では収集・処理できないもの」をご参照ください。,ー,ー
ウォーターサーバーボトル,燃やすごみ,,毎週火・金曜日,毎週月・木曜日
ウォールオーニング,粗大ごみ,解体済のものに限る。,戸別回収,戸別回収
臼（うす）,収集不可,ページ下部「市では収集・処理できないもの」をご参照ください。,ー,ー
内釜（炊飯器）,家庭金物,,集団資源回収日,集団資源回収日
腕時計（機械式）,不燃ごみ,,毎週木曜日,毎週金曜日
腕時計（電池式）,小型家電,なるべく小型家電回収ボックスへ。,第2・第4月曜日,第2・第4火曜日
品名,種別,留意点等,北・東地区,南・西地区
エアーマット,粗大ごみ,1メートル未満に切断し指定ごみ袋に入れて口を結べれば燃やすごみ。,戸別回収,戸別回収
エアコン（室内機・室外機）,家電4品目,ページ下部「市では収集・処理できないもの」をご参照ください。,ー,ー
映写機,小型家電,50センチメートル以上は粗大ごみ。,第2・第4月曜日,第2・第4火曜日
衛生用品,燃やすごみ,,毎週火・金曜日,毎週月・木曜日
ACアダプター,小型家電,なるべく小型家電専用回収ボックスへ。,第2・第4月曜日,第2・第4火曜日
絵の具のチューブ（金属製）,不燃ごみ,,毎週木曜日,毎週金曜日
絵の具のチューブ（プラスチック製）,燃やすごみ,,毎週火・金曜日,毎週月・木曜日
エフェクター,小型家電,,第2・第4月曜日,第2・第4火曜日
MD（ミニディスク）,燃やすごみ,なるべく拠点回収へ。,毎週火・金曜日,毎週月・木曜日
LED電球,不燃ごみ,,毎週木曜日,毎週金曜日
LEDライト,小型家電,電球は外す。なるべく小型家電専用回収ボックスへ。,第2・第4月曜日,第2・第4火曜日
エレクトーン（電子オルガン）,大型粗大ごみ,,戸別回収,戸別回収
園芸用支柱,指定品目,5本まで指定ごみ袋（大きさ不問）を巻いて不燃ごみの日に出す。,ー,ー
園芸用農薬,収集不可,ページ下部「市では収集・処理できないもの」をご参照ください。,ー,ー
エンジンオイル（廃油）,収集不可,ページ下部「市では収集・処理できないもの」をご参照ください。,ー,ー
品名,種別,留意点等,北・東地区,南・西地区
オイルヒーター（ジャバラ式）,粗大ごみ,オイルを抜き取るため50センチメートル未満でも粗大ごみ。,戸別回収,戸別回収
応接用椅子（1人用）,粗大ごみ,1メートル以上は大型粗大ごみ。,戸別回収,戸別回収
応接用椅子（2人以上用のもの）,大型粗大ごみ,,戸別回収,戸別回収
オーディオ機器,小型家電,50センチメートル以上は粗大ごみ。,第2・第4月曜日,第2・第4火曜日
オーディオラック,粗大ごみ,1メートル以上は大型粗大ごみ。,戸別回収,戸別回収
オートバイ,収集不可,ページ下部「市では収集・処理できないもの」をご参照ください。,ー,ー
オーブントースター,小型家電,,第2・第4月曜日,第2・第4火曜日
オーブンレンジ,小型家電,50センチメートル以上は粗大ごみ。,第2・第4月曜日,第2・第4火曜日
押入れタンス,粗大ごみ,1メートル以上は大型粗大ごみ。,戸別回収,戸別回収
落葉,草・葉・植木,1度に3袋まで。,第1・第3・第5月曜日,第1・第3・第5火曜日
オットマン（足置き台）,粗大ごみ,50センチメートル未満は不燃ごみ。,戸別回収,戸別回収
斧,不燃ごみ,紙に包み指定ごみ袋に入れ「キケン」と表示する。,毎週木曜日,毎週金曜日
おもちゃ（金属製）,家庭金物,,集団資源回収日,集団資源回収日
おもちゃ（プラスチック製）,燃やすごみ,,毎週火・金曜日,毎週月・木曜日
おもり（金属製）,不燃ごみ,50センチメートル以上は粗大ごみ。,毎週木曜日,毎週金曜日
おもり（プラスチック製）,燃やすごみ,50センチメートル以上は粗大ごみ。,毎週火・金曜日,毎週月・木曜日
おりがみ,ミックスペーパー,,集団資源回収日,集団資源回収日
折り込み広告,新聞,新聞と一緒に束ねて出す。,集団資源回収日,集団資源回収日
折りたたみイス,粗大ごみ,50センチメートル未満は不燃ごみ。,戸別回収,戸別回収
折りたたみテーブル,粗大ごみ,1メートル以上は大型粗大ごみ。,戸別回収,戸別回収
折りたたみベッド,大型粗大ごみ,電動式は収集不可。,戸別回収,戸別回収
オルガン,大型粗大ごみ,1メートル未満は粗大ごみ。,戸別回収,戸別回収
オルゴール,不燃ごみ,,毎週木曜日,毎週金曜日
温室（小、フレームのみ）,粗大ごみ,1メートル以上は大型粗大ごみ。,戸別回収,戸別回収
温水洗浄便座,小型家電,50センチメートル以上は粗大ごみ。,第2・第4月曜日,第2・第4火曜日
温度計,不燃ごみ,,毎週木曜日,毎週金曜日
温度計（水銀式）,危険有害ごみ,なるべく拠点回収へ。,第2・第4月曜日,第2・第4火曜日
品名,種別,留意点等,北・東地区,南・西地区
カーテン,粗大ごみ,1メートル未満に切断し指定ごみ袋に入れて口を結べれば燃やすごみ。,戸別回収,戸別回収
カーテンレール,粗大ごみ,50センチメートル未満の金属製は家庭金物。,戸別回収,戸別回収
カーナビ・カーテレビ,小型家電,なるべく小型家電専用回収ボックスへ。,第2・第4月曜日,第2・第4火曜日
カーペット（ホットカーペット）,粗大ごみ,1メートル未満に切断して、指定ごみ袋に入れて口が結べれば燃やすごみ。,戸別回収,戸別回収
カーペットローラー,燃やすごみ,柄が金属のものは不燃ごみ。,毎週火・金曜日,毎週月・木曜日
カーペットローラー（指定ごみ袋に入らないもの）,指定品目,5本まで指定ごみ袋（大きさ不問）を巻いて不燃ごみの日に出す。,ー,ー
カーポート,大型粗大ごみ,解体済のものに限る。,戸別回収,戸別回収
カーボン紙,燃やすごみ,,毎週火・金曜日,毎週月・木曜日
貝殻,燃やすごみ,,毎週火・金曜日,毎週月・木曜日
カイロ（充電式）,小型家電,,第2・第4月曜日,第2・第4火曜日
カイロ（使い捨て）,燃やすごみ,,毎週火・金曜日,毎週月・木曜日
化学薬品,収集不可,ページ下部「市では収集・処理できないもの」をご参照ください。,ー,ー
鏡,不燃ごみ,紙に包み指定ごみ袋に入れ「キケン」と表示する。50センチメートル以上は粗大ごみ（2メートル以内に限る）。,毎週木曜日,毎週金曜日
鍵（金属製）,家庭金物,,集団資源回収日,集団資源回収日
角ハンガー（金属製）,家庭金物,,集団資源回収日,集団資源回収日
角ハンガー（プラスチック製）,燃やすごみ,,毎週火・金曜日,毎週月・木曜日
額縁,不燃ごみ,金属製は家庭金物。50センチメートル以上は粗大ごみ。,毎週木曜日,毎週金曜日
かご（金属製）,家庭金物,50センチメートル以上は粗大ごみ。,集団資源回収日,集団資源回収日
かご（木製・プラスチック製）,燃やすごみ,,毎週火・金曜日,毎週月・木曜日
傘（骨組が金属製以外のもの）,指定品目,5本まで指定ごみ袋（大きさ不問）を巻いて不燃ごみの日に出す。,ー,ー
傘（骨組が金属製のもの）,家庭金物,傘布・ビニールは外す。外せない場合は、5本まで指定ごみ袋（大きさ不問）を巻いて不燃ごみの日に出す。,集団資源回収日,集団資源回収日
加湿器,小型家電,50センチメートル以上は粗大ごみ。,第2・第4月曜日,第2・第4火曜日
菓子の缶（金属製のフタを含む）,スチール缶,中身を空にして汚れを落とす。,集団資源回収日,集団資源回収日
菓子の箱（紙製）,ミックスペーパー,においや汚れが付いているものは燃やすごみ。,集団資源回収日,集団資源回収日
菓子の袋（プラスチック製）,容器包装プラスチック,容器包装プラスチックのマークを確認する。汚れを落とす。汚れが落ちなければ燃やすごみ。,毎週水曜日,毎週水曜日
ガステーブル,粗大ごみ,,戸別回収,戸別回収
ガスボンベ（プロパン）,収集不可,ページ下部「市では収集・処理できないもの」をご参照ください。,ー,ー
カセットガスボンベ（フタ）,容器包装プラスチック,容器包装プラスチックのマークを確認する。,毎週水曜日,毎週水曜日
カセットガスボンベ（本体）,危険有害ごみ,中身を空にして安全な場所で安全な道具で穴を開ける。,第2・第4月曜日,第2・第4火曜日
カセット式ガスコンロ（卓上コンロ）,家庭金物,カセットボンベは危険有害ごみ。,集団資源回収日,集団資源回収日
カセットテープ,燃やすごみ,なるべく拠点回収へ。,毎週火・金曜日,毎週月・木曜日
ガソリン携行缶,不燃ごみ,50センチメートル以上は粗大ごみ。,毎週木曜日,毎週金曜日
カタログ,雑誌,,集団資源回収日,集団資源回収日
カッターの刃,不燃ごみ,紙に包み指定ごみ袋に入れ「キケン」と表示する。,毎週木曜日,毎週金曜日
カップ（金属製）,家庭金物,,集団資源回収日,集団資源回収日
カップめんのフタ,燃やすごみ,,毎週火・金曜日,毎週月・木曜日
カップめんの容器（紙製）,燃やすごみ,,毎週火・金曜日,毎週月・木曜日
カップめんの容器（プラスチック製）,容器包装プラスチック,容器包装プラスチックのマークを確認する。汚れを落とす。汚れが落ちなければ燃やすごみ。,毎週水曜日,毎週水曜日
かなづち,不燃ごみ,,毎週木曜日,毎週金曜日
カバン（革・布・ビニール製など）,燃やすごみ,,毎週火・金曜日,毎週月・木曜日
カバンの詰め物,燃やすごみ,,毎週火・金曜日,毎週月・木曜日
画びょう,不燃ごみ,紙に包み指定ほみ袋に入れ「キケン」と表示する。,毎週木曜日,毎週金曜日
花瓶（金属製）,家庭金物,50センチメートル以上は粗大ごみ。,集団資源回収日,集団資源回収日
花瓶（せともの製・ガラス製）,不燃ごみ,50センチメートル以上は粗大ごみ。,毎週木曜日,毎週金曜日
壁紙,燃やすごみ,1メートル未満に切断して、指定ごみ袋に入れて口が結べれば燃やすごみ。※事業系廃棄物はステーションには出せません。,毎週火・金曜日,毎週月・木曜日
カマ（草刈用）,不燃ごみ,紙に包み指定ごみ袋に入れ「キケン」と表示する。,毎週木曜日,毎週金曜日
紙おむつ,燃やすごみ,汚物はトイレに流す。紙おむつ（ペット用を除く）のみを分ければ無料で出せる。,毎週火・金曜日,毎週月・木曜日
紙コップ,燃やすごみ,,毎週火・金曜日,毎週月・木曜日
紙皿,燃やすごみ,,毎週火・金曜日,毎週月・木曜日
カミソリ（鉄製の使い捨て）,不燃ごみ,紙に包み指定ごみ袋に入れ「キケン」と表示する。,毎週木曜日,毎週金曜日
カミソリ（プラスチック製の使い捨て）,燃やすごみ,紙に包み指定ごみ袋に入れ「キケン」と表示する。,毎週火・金曜日,毎週月・木曜日
カミソリの刃,不燃ごみ,紙に包み指定ごみ袋に入れ「キケン」と表示する。,毎週木曜日,毎週金曜日
神棚,粗大ごみ,1メートル以上は大型粗大ごみ。,戸別回収,戸別回収
紙粘土,燃やすごみ,,毎週火・金曜日,毎週月・木曜日
紙パック（牛乳・ジュースなどの内側が白いもの）,飲料用紙パック,内側が銀色など紙パックマークのないものは燃やすごみ。,集団資源回収日,集団資源回収日
紙袋,ミックスペーパー,ミックスペーパーを出す際の袋としても使用可。,集団資源回収日,集団資源回収日
紙やすり,燃やすごみ,,毎週火・金曜日,毎週月・木曜日
カメラ,小型家電,使い捨てカメラは燃やすごみ。なるべく小型家電専用回収ボックスへ。,第2・第4月曜日,第2・第4火曜日
画用紙,ミックスペーパー,クレヨン、油性ペンで書いたものは燃やすごみ。,集団資源回収日,集団資源回収日
カラーボックス,粗大ごみ,,戸別回収,戸別回収
カラオケ演奏装置,小型家電,50センチメートル以上は粗大ごみ。,第2・第4月曜日,第2・第4火曜日
ガラス,不燃ごみ,紙に包み指定ごみ袋にいれ「キケン」と表示する。指定ごみ袋に入らない場合は粗大ごみ（2メートル以内に限る）。,毎週木曜日,毎週金曜日
ガラスクリーナー（スプレー缶）,危険有害ごみ,中身を空にして安全な場所で安全な道具で穴を開ける。,第2・第4月曜日,第2・第4火曜日
ガラス製品（コップ・食器等）,不燃ごみ,割れたものは紙に包み指定ごみ袋に入れ「キケン」と表示する。,毎週木曜日,毎週金曜日
刈り込みばさみ,不燃ごみ,紙に包み指定ごみ袋に入れ「キケン」と表示する。,毎週木曜日,毎週金曜日
軽石,不燃ごみ,,毎週木曜日,毎週金曜日
枯葉,草・葉・植木,1度に3袋まで。,第1・第3・第5月曜日,第1・第3・第5火曜日
カレンダー,ミックスペーパー,金属部分は不燃ごみ。,集団資源回収日,集団資源回収日
革製品,燃やすごみ,,毎週火・金曜日,毎週月・木曜日
瓦,収集不可,ページ下部「市では収集・処理できないもの」をご参照ください。,ー,ー
缶（飲食用）※アルミ製,アルミ缶,中身を空にして汚れを落とす。汚れているものは不燃ごみ。,集団資源回収日,集団資源回収日
缶（飲食用）※スチール製,スチール缶,中身を空にして汚れを落とす。汚れているものは不燃ごみ。,集団資源回収日,集団資源回収日
缶（飲食用以外）,家庭金物,中身を空にして汚れを落とす。汚れているものは不燃ごみ。,集団資源回収日,集団資源回収日
換気扇（レンジフードファン）,不燃ごみ,50センチメートル以上は粗大ごみ。,毎週木曜日,毎週金曜日
缶切（金属製）,家庭金物,,集団資源回収日,集団資源回収日
緩衝材（発泡スチロールなど）,容器包装プラスチック,,毎週水曜日,毎週水曜日
乾燥剤,燃やすごみ,,毎週火・金曜日,毎週月・木曜日
乾電池（アルカリ・マンガン）,危険有害ごみ,拠点回収にも出せる。,第2・第4月曜日,第2・第4火曜日
感熱紙,燃やすごみ,,毎週火・金曜日,毎週月・木曜日
感熱性発泡紙,燃やすごみ,,毎週火・金曜日,毎週月・木曜日
品名,種別,留意点等,北・東地区,南・西地区
木（植木）（直径15センチメートル未満）,草・葉・植木,長さ1メートル以内にして束ねる。1度に3束まで。,第1・第3・第5月曜日,第1・第3・第5火曜日
木（植木）（直径15センチメートル以上20センチメートル未満）,草・葉・植木,長さ80センチメートル以内にして束ねる。1度に3束まで。,第1・第3・第5月曜日,第1・第3・第5火曜日
木（植木）（直径20センチメートル以上30センチメートル未満）,草・葉・植木,長さ30センチメートル以内にして束ねる。1度に3束まで。,第1・第3・第5月曜日,第1・第3・第5火曜日
木（植木）（直径30センチメートル以上）,粗大ごみ,,戸別回収,戸別回収
木（木材・木片）（直径3センチメートル未満）,燃やすごみ,長さ50センチメートル以内にして束ねる。1度に3束まで。,毎週火・金曜日,毎週月・木曜日
木（木材・木片）（直径3センチメートル以上15センチメートル未満）,不燃ごみ,長さ1メートル以内にして束ねる。1度に3束まで。,毎週木曜日,毎週金曜日
木（木材・木片）（直径15センチメートル以上20センチメートル未満）,不燃ごみ,長さ80センチメートル以内にして束ねる。1度に3束まで。,毎週木曜日,毎週金曜日
木（木材・木片）（直径20センチメートル以上30センチメートル未満）,不燃ごみ,長さ30センチメートル以内にして束ねる。1度に3束まで。,毎週木曜日,毎週金曜日
木（木材・木片）（直径30センチメートル以上）,粗大ごみ,,戸別回収,戸別回収
キーボード（楽器）,粗大ごみ,1メートル以上は大型粗大ごみ。,戸別回収,戸別回収
キーボード（パソコン）,小型家電,,第2・第4月曜日,第2・第4火曜日
キーホルダー（金属製）,不燃ごみ,,毎週木曜日,毎週金曜日
キーホルダー（プラスチック製・木製）,燃やすごみ,,毎週火・金曜日,毎週月・木曜日
ギター（ケースを含む）,粗大ごみ,1メートル以上は大型粗大ごみ。,戸別回収,戸別回収
キックボード・キックスケーター,粗大ごみ,電動式は収集不可。,戸別回収,戸別回収
キッチンストッカー,粗大ごみ,1メートル以上は大型粗大ごみ。,戸別回収,戸別回収
杵（きね）,粗大ごみ,1メートル以上は大型粗大ごみ。,戸別回収,戸別回収
着物（帯を含む）,布類,,集団資源回収日,集団資源回収日
脚立,粗大ごみ,1メートル以上は大型粗大ごみ。,戸別回収,戸別回収
キャップ（フタ）（金属製）,家庭金物,,集団資源回収日,集団資源回収日
キャップ（フタ）（プラスチック製）,容器包装プラスチック,容器包装プラスチックのマークのないものは燃やすごみ。,毎週水曜日,毎週水曜日
キャリーカート,不燃ごみ,50センチメートル以上は粗大ごみ。,毎週木曜日,毎週金曜日
キャリーバッグ,粗大ごみ,1メートル以上は大型粗大ごみ。,戸別回収,戸別回収
給湯器,粗大ごみ,1メートル以上は大型粗大ごみ。,戸別回収,戸別回収
牛乳パック（内側が白いもの）,飲料用紙パック,内側が銀色など紙パックマークのないものは燃やすごみ。,集団資源回収日,集団資源回収日
教科書（参考書）,雑誌,,集団資源回収日,集団資源回収日
鏡台（ドレッサー）,粗大ごみ,1メートル以上は大型粗大ごみ。,戸別回収,戸別回収
霧吹き,燃やすごみ,金属製は家庭金物。,毎週火・金曜日,毎週月・木曜日
キルト製品,燃やすごみ,,毎週火・金曜日,毎週月・木曜日
金庫（耐火）,収集不可,ページ下部「市では収集・処理できないもの」をご参照ください。,ー,ー
金庫（手提げ金庫）,家庭金物,,集団資源回収日,集団資源回収日
金属バット,指定品目,5本まで指定ごみ袋（大きさ不問）を巻いて不燃ごみの日に出す。,ー,ー
品名,種別,留意点等,北・東地区,南・西地区
空気入れ（自転車用）,不燃ごみ,手動ポンプ式で金属製は家庭金物。,毎週木曜日,毎週金曜日
空気清浄機,小型家電,50センチメートル以上は粗大ごみ。,第2・第4月曜日,第2・第4火曜日
クーラーボックス,粗大ごみ,50センチメートル未満は不燃ごみ。,戸別回収,戸別回収
くぎ,不燃ごみ,紙に包み指定ごみ袋に入れ「キケン」と表示する。,毎週木曜日,毎週金曜日
草,草・葉・植木,1度に3袋まで。,第1・第3・第5月曜日,第1・第3・第5火曜日
草刈り機,大型粗大ごみ,肩掛けエンジン式、電動式、手押し式も可。1メートル未満は粗大ごみ。,戸別回収,戸別回収
くさり,家庭金物,,集団資源回収日,集団資源回収日
串（金属製）,不燃ごみ,紙に包み指定ごみ袋に入れ「キケン」と表示する。,毎週木曜日,毎週金曜日
串（木製）,燃やすごみ,,毎週火・金曜日,毎週月・木曜日
薬のチューブ（金属製）,不燃ごみ,,毎週木曜日,毎週金曜日
薬のチューブ（プラスチック製）,燃やすごみ,,毎週火・金曜日,毎週月・木曜日
薬のチューブのフタ（プラスチック製）,容器包装プラスチック,容器包装プラスチックマークを確認する。中身を空にして汚れを落とす。汚れが落ちなければ燃やすごみ。,毎週水曜日,毎週水曜日
薬の袋・箱（紙製）,ミックスペーパー,,集団資源回収日,集団資源回収日
薬（錠剤）の容器（びん）,あきびん,中身を空にする。拠点回収にも出せる。,第2・第4水曜日,第1・第3水曜日
薬（錠剤）の容器（プラスチック製）,容器包装プラスチック,容器包装プラスチックマークを確認する。中身を空にして汚れを落とす。汚れが落ちなければ燃やすごみ。,毎週水曜日,毎週水曜日
薬（錠剤）の容器のフタ（金属製）,家庭金物,,集団資源回収日,集団資源回収日
薬（錠剤）の容器のふた（プラスチック製）,容器包装プラスチック,容器包装プラスチックマークを確認する。中身を空にして汚れを落とす。汚れが落ちなければ燃やすごみ。,毎週水曜日,毎週水曜日
口紅の容器（金属製）,不燃ごみ,,毎週木曜日,毎週金曜日
口紅の容器（プラスチック製）,燃やすごみ,,毎週火・金曜日,毎週月・木曜日
くつ（登山用・スパイク含む）,燃やすごみ,,毎週火・金曜日,毎週月・木曜日
靴下,燃やすごみ,,毎週火・金曜日,毎週月・木曜日
クッション,燃やすごみ,,毎週火・金曜日,毎週月・木曜日
靴の詰め物,燃やすごみ,,毎週火・金曜日,毎週月・木曜日
靴ベラ（金属製）,家庭金物,,集団資源回収日,集団資源回収日
クリーニング袋,燃やすごみ,,毎週火・金曜日,毎週月・木曜日
クリスマスツリー,燃やすごみ,50センチメートルを超えるものは粗大ごみ。,毎週火・金曜日,毎週月・木曜日
クリスマスリース,燃やすごみ,50センチメートルを超えるものは粗大ごみ。,毎週火・金曜日,毎週月・木曜日
クリップ,不燃ごみ,,毎週木曜日,毎週金曜日
車椅子,粗大ごみ,電動は収集不可。,戸別回収,戸別回収
車止め（パーキングブロック）（プラスチック製）,粗大ごみ,,戸別回収,戸別回収
グローブ（革製）,燃やすごみ,,毎週火・金曜日,毎週月・木曜日
軍手,燃やすごみ,,毎週火・金曜日,毎週月・木曜日
品名,種別,留意点等,北・東地区,南・西地区
蛍光管（蛍光灯）,危険有害ごみ,なるべく拠点回収へ。,第2・第4月曜日,第2・第4火曜日
携帯電話,小型家電,なるべく小型家電専用回収ボックスへ。,第2・第4月曜日,第2・第4火曜日
携帯用音楽プレーヤー,小型家電,なるべく小型家電専用回収ボックスへ。,第2・第4月曜日,第2・第4火曜日
毛糸,燃やすごみ,,毎週火・金曜日,毎週月・木曜日
計量器（はかり）,不燃ごみ,デジタル式は小型家電。50センチメートル以上は粗大ごみ。,毎週木曜日,毎週金曜日
ケージ（ペット用）,粗大ごみ,50センチメートル未満の金属製は家庭金物。,戸別回収,戸別回収
ゲートボールスティック,指定品目,5本まで指定ごみ袋（大きさ不問）を巻いて不燃ごみの日に出す。,ー,ー
ゲーム機（電気・電池で動作するもの）,小型家電,なるべく小型家電専用回収ボックスへ。,第2・第4月曜日,第2・第4火曜日
ゲーム機（電気・電池を使用しないもの）,燃やすごみ,,毎週火・金曜日,毎週月・木曜日
ゲームソフト,燃やすごみ,ディスク式はなるべく拠点回収へ。,毎週火・金曜日,毎週月・木曜日
毛皮,燃やすごみ,,毎週火・金曜日,毎週月・木曜日
化粧品のスプレー缶,危険有害ごみ,中身を空にして安全な場所で安全な道具で穴を開ける。,第2・第4月曜日,第2・第4火曜日
化粧品容器（びん）,あきびん,中身を空にして汚れを落とす。汚れが落ちなければ不燃ごみ。拠点回収にも出せる。,第2・第4水曜日,第1・第3水曜日
化粧品容器（プラスチック製）,容器包装プラスチック,容器包装プラスチックマークを確認する。中身を空にして汚れを落とす。汚れが落ちなければ燃やすごみ。,毎週水曜日,毎週水曜日
血圧計（電池式）,小型家電,電球は外す。なるべく小型家電専用回収ボックスへ。,第2・第4月曜日,第2・第4火曜日
血圧計（水銀式）,危険有害ごみ,50センチメートル以上は粗大ごみ。なるべく拠点回収へ。,第2・第4月曜日,第2・第4火曜日
剣山,不燃ごみ,紙に包み指定ごみ袋に入れ「キケン」と表示する。,毎週木曜日,毎週金曜日
建設廃材・建築廃材,収集不可,ページ下部「市では収集・処理できないもの」をご参照ください。,ー,ー
原動機付自転車,収集不可,ページ下部「市では収集・処理できないもの」をご参照ください。,ー,ー
剣道防具一式（面・胴・小手）,粗大ごみ,竹刀は指定品目。,戸別回収,戸別回収
鍵盤ハーモニカ,不燃ごみ,,毎週木曜日,毎週金曜日
品名,種別,留意点等,北・東地区,南・西地区
碁石,燃やすごみ,,毎週火・金曜日,毎週月・木曜日
鯉のぼり,燃やすごみ,1メートル未満に切断し指定ごみ袋に入れて口を結べれば燃やすごみ。,毎週火・金曜日,毎週月・木曜日
鯉のぼりのポール,不燃ごみ,50センチメートル以上は粗大ごみ。,毎週木曜日,毎週金曜日
高圧洗浄機,小型家電,50センチメートル以上は粗大ごみ。,第2・第4月曜日,第2・第4火曜日
工具箱（金属製）,家庭金物,50センチメートル以上は粗大ごみ。,集団資源回収日,集団資源回収日
工具類（電動式）,小型家電,50センチメートル以上は粗大ごみ。,第2・第4月曜日,第2・第4火曜日
工具類（非電動式）,不燃ごみ,金属製は家庭金物。50センチメートル以上は粗大ごみ。,毎週木曜日,毎週金曜日
合成皮革製品,燃やすごみ,,毎週火・金曜日,毎週月・木曜日
合成油,収集不可,ページ下部「市では収集・処理できないもの」をご参照ください。,ー,ー
紅茶の缶（金属製のフタを含む）,スチール缶,中身を空にして汚れを落とす。汚れているものは不燃ごみ。,集団資源回収日,集団資源回収日
鉱物油,収集不可,ページ下部「市では収集・処理できないもの」をご参照ください。,ー,ー
コードリール（電気コード用）,家庭金物,コードは外して小型家電。,集団資源回収日,集団資源回収日
コード類,小型家電,なるべく小型家電専用回収ボックスへ。,第2・第4月曜日,第2・第4火曜日
コーヒーメーカー,小型家電,,第2・第4月曜日,第2・第4火曜日
ござ,粗大ごみ,1メートル未満に切断し指定ごみ袋に入れて口を結べれば燃やすごみ。,戸別回収,戸別回収
こたつ（天板を含む）,粗大ごみ,,戸別回収,戸別回収
コップ（ガラス製）,不燃ごみ,,毎週木曜日,毎週金曜日
コップ（金属製）,家庭金物,,集団資源回収日,集団資源回収日
コップ（プラスチック製）,燃やすごみ,,毎週火・金曜日,毎週月・木曜日
琴,大型粗大ごみ,1メートル未満は粗大ごみ。,戸別回収,戸別回収
五徳,家庭金物,,集団資源回収日,集団資源回収日
子供用遊具（木製・プラスチック製）,燃やすごみ,50センチメートル以上は粗大ごみ。,毎週火・金曜日,毎週月・木曜日
粉ミルクの缶（金属製のふたを含む）,スチール缶,中身を空にして汚れを落とす。汚れているものは不燃ごみ。,集団資源回収日,集団資源回収日
ごみ箱（金属製）,家庭金物,50センチメートル以上は粗大ごみ。,集団資源回収日,集団資源回収日
ごみ箱（木製・プラスチック製）,燃やすごみ,50センチメートル以上は粗大ごみ。,毎週火・金曜日,毎週月・木曜日
ゴムホース,燃やすごみ,1メートル未満に切断して指定ごみ袋に入れ口を結んで出す。,毎週火・金曜日,毎週月・木曜日
ゴムボート（オールを含む）,粗大ごみ,1メートル以上は大型粗大ごみ。,戸別回収,戸別回収
ゴム類,燃やすごみ,,毎週火・金曜日,毎週月・木曜日
米びつ（ハイザー）精米機付き,粗大ごみ,,戸別回収,戸別回収
米袋（紙）,燃やすごみ,,毎週火・金曜日,毎週月・木曜日
米袋（ビニール）,容器包装プラスチック,容器包装プラスチックのマークを確認する。中身を空にして汚れを落とす。汚れが落ちなければ燃やすごみ。,毎週水曜日,毎週水曜日
ゴルフクラブ,指定品目,5本まで指定ごみ袋（大きさ不問）を巻いて不燃ごみの日に出す。,ー,ー
ゴルフセット（クラブ18本まで、バッグ、靴のセット）,大型粗大ごみ,1メートル未満は粗大ごみ。,戸別回収,戸別回収
ゴルフバッグ,粗大ごみ,,戸別回収,戸別回収
コンクリート製流し台,収集不可,ページ下部「市では収集・処理できないもの」をご参照ください。,ー,ー
コンクリート製品,収集不可,ページ下部「市では収集・処理できないもの」をご参照ください。,ー,ー
コンタクトレンズ,燃やすごみ,,毎週火・金曜日,毎週月・木曜日
コンパス,不燃ごみ,,毎週木曜日,毎週金曜日
コンプレッサー,収集不可,ページ下部「市では収集・処理できないもの」をご参照ください。,ー,ー
コンポスト（生ごみ処理容器）,粗大ごみ,中身を出す。1メートル以上は大型粗大ごみ。,戸別回収,戸別回収
品名,種別,留意点等,北・東地区,南・西地区
サーフボード,収集不可,ページ下部「市では収集・処理できないもの」をご参照ください。,ー,ー
座椅子,粗大ごみ,50センチメートル未満は不燃ごみ。,戸別回収,戸別回収
サイドボード,粗大ごみ,1メートル以上は大型粗大ごみ。,戸別回収,戸別回収
雑誌,雑誌,付録は外す。,集団資源回収日,集団資源回収日
座布団,燃やすごみ,,毎週火・金曜日,毎週月・木曜日
サマーベッド（ポンポンベッド）,粗大ごみ,,戸別回収,戸別回収
皿（紙・プラスチック製）,燃やすごみ,,毎週火・金曜日,毎週月・木曜日
皿（ガラス・陶磁器）,不燃ごみ,割れたものは紙に包み指定ごみ袋に入れ「キケン」と表示する。,毎週木曜日,毎週金曜日
ざる（金属製）,家庭金物,,集団資源回収日,集団資源回収日
ざる（プラスチック製）,燃やすごみ,,毎週火・金曜日,毎週月・木曜日
三脚,不燃ごみ,50センチメートル以上は粗大ごみ。,毎週木曜日,毎週金曜日
サンシェード（家庭用日除け）,燃やすごみ,50センチメートル以上は粗大ごみ。,毎週火・金曜日,毎週月・木曜日
三面鏡,粗大ごみ,50センチメートル未満は不燃ごみ。,戸別回収,戸別回収
三輪車,粗大ごみ,電動は収集不可。,戸別回収,戸別回収
品名,種別,留意点等,北・東地区,南・西地区
飼育ケース（金属製）,家庭金物,50センチメートル以上は粗大ごみ。,集団資源回収日,集団資源回収日
飼育ケース（プラスチック製）,燃やすごみ,50センチメートル以上は粗大ごみ。,毎週火・金曜日,毎週月・木曜日
シーツ,布類,,集団資源回収日,集団資源回収日
CD（コンパクトディスク）,燃やすごみ,なるべく拠点回収へ。,毎週火・金曜日,毎週月・木曜日
シート（ビニールシート・ブルーシート・レジャーシート）,燃やすごみ,1メートル未満に切断し指定ごみ袋に入れて口を結べれば燃やすごみ。,毎週火・金曜日,毎週月・木曜日
磁石,不燃ごみ,,毎週木曜日,毎週金曜日
辞書,雑誌,紙以外の表紙は外して燃やすごみ。,集団資源回収日,集団資源回収日
下着（使用済）,燃やすごみ,,毎週火・金曜日,毎週月・木曜日
下着（未使用）,布類,,集団資源回収日,集団資源回収日
七輪,不燃ごみ,,毎週木曜日,毎週金曜日
室内用物干し台,粗大ごみ,,戸別回収,戸別回収
ジッパー付保存袋,燃やすごみ,,毎週火・金曜日,毎週月・木曜日
自転車,大型粗大ごみ,1メートル未満は粗大ごみ。電動自転車は収集不可。,戸別回収,戸別回収
自動車部品,収集不可,ページ下部「市では収集・処理できないもの」をご参照ください。,ー,ー
竹刀,指定品目,5本まで指定ごみ袋（大きさ不問）を巻いて不燃ごみの日に出す。,ー,ー
芝刈り機,粗大ごみ,手動式、電動式、エンジン式可。,戸別回収,戸別回収
シャープペンシル（金属製）,不燃ごみ,,毎週木曜日,毎週金曜日
シャープペンシル（プラスチック製）,燃やすごみ,,毎週火・金曜日,毎週月・木曜日
ジャグ（大型水筒）,不燃ごみ,50センチメートル以上は粗大ごみ。,毎週木曜日,毎週金曜日
車載用冷温蔵庫,粗大ごみ,,戸別回収,戸別回収
写真,燃やすごみ,,毎週火・金曜日,毎週月・木曜日
写真プリント紙,燃やすごみ,,毎週火・金曜日,毎週月・木曜日
ジャッキ（パンタグラフ型）,家庭金物,50センチメートル以上は粗大ごみ。,集団資源回収日,集団資源回収日
ジャッキ（油圧式）,粗大ごみ,,戸別回収,戸別回収
シャベル（金属製）,家庭金物,,集団資源回収日,集団資源回収日
シャベル（プラスチック製）,燃やすごみ,,毎週火・金曜日,毎週月・木曜日
シャンプーの容器,容器包装プラスチック,容器包装プラスチックのマークを確認する。中身を空にして汚れを落とす。汚れが落ちなければ燃やすごみ。,毎週水曜日,毎週水曜日
ジューサーミキサー,小型家電,,第2・第4月曜日,第2・第4火曜日
じゅうたん,粗大ごみ,1メートル未満に切断し指定ごみ袋に入れて口を結べれば燃やすごみ。,戸別回収,戸別回収
充電器,小型家電,なるべく小型家電専用回収ボックスへ。,第2・第4月曜日,第2・第4火曜日
充電式電池,拠点回収,,ー,ー
収納家具,粗大ごみ,1メートル以上は大型粗大ごみ。,戸別回収,戸別回収
ジュラルミンケース,不燃ごみ,50センチメートル以上は粗大ごみ。,毎週木曜日,毎週金曜日
シュレッダー（手動式）,不燃ごみ,50センチメートル以上は粗大ごみ。,毎週木曜日,毎週金曜日
シュレッダー（電動式）,小型家電,50センチメートル以上は粗大ごみ。,第2・第4月曜日,第2・第4火曜日
シュレッダーされた紙,ミックスペーパー,紙袋に入れてホチキスで封をする。または新聞紙にくるみ周囲をホチキスで留めて出す。,集団資源回収日,集団資源回収日
瞬間湯沸かし器,粗大ごみ,,戸別回収,戸別回収
消火器,収集不可,ページ下部「市では収集・処理できないもの」をご参照ください。,ー,ー
消火器（エアゾール式）,危険有害ごみ,中身を空にして安全な場所で安全な道具で穴を開ける。,第2・第4月曜日,第2・第4火曜日
正月飾り,燃やすごみ,50センチメートル以上は粗大ごみ。,毎週火・金曜日,毎週月・木曜日
昇華転写紙,燃やすごみ,,毎週火・金曜日,毎週月・木曜日
定規（金属製）,家庭金物,,集団資源回収日,集団資源回収日
定規（プラスチック製）,燃やすごみ,,毎週火・金曜日,毎週月・木曜日
将棋の駒,燃やすごみ,,毎週火・金曜日,毎週月・木曜日
将棋盤,不燃ごみ,50センチメートル以上は粗大ごみ。,毎週木曜日,毎週金曜日
浄水器,不燃ごみ,50センチメートル以上は粗大ごみ。,毎週木曜日,毎週金曜日
消毒器,不燃ごみ,50センチメートル以上は粗大ごみ。,毎週木曜日,毎週金曜日
錠前（金属製）,家庭金物,,集団資源回収日,集団資源回収日
照明器具,小型家電,50センチメートル以上は粗大ごみ。蛍光管、白熱電球、LED電球は外す。,第2・第4月曜日,第2・第4火曜日
じょうろ（金属製）,家庭金物,,集団資源回収日,集団資源回収日
じょうろ（プラスチック製）,燃やすごみ,,毎週火・金曜日,毎週月・木曜日
食用油の缶（植物油・動物油）,燃やすごみ,拠点回収へ。燃やすごみへ出す場合は布や紙へ染み込ませるか固める。,毎週火・金曜日,毎週月・木曜日
食用油の缶（金属製のフタを含む）,スチール缶,中身は拠点回収へ。燃やすごみへ出す場合は布や紙へしみこませるか固める。,集団資源回収日,集団資源回収日
除湿器,粗大ごみ,冷媒ガスを抜き取るため50センチメートル未満でも粗大ごみ。,戸別回収,戸別回収
食器（ガラス製・陶磁器）,不燃ごみ,割れたものは紙に包み指定ごみ袋に入れ「キケン」と表示する。,毎週木曜日,毎週金曜日
食器（金属製）,家庭金物,,集団資源回収日,集団資源回収日
食器（プラスチック製）,燃やすごみ,,毎週火・金曜日,毎週月・木曜日
食器洗い乾燥機,小型家電,50センチメートル以上は粗大ごみ。,第2・第4月曜日,第2・第4火曜日
食器棚,粗大ごみ,1メートル以上は大型粗大ごみ。,戸別回収,戸別回収
ショッピングカート,粗大ごみ,50センチメートル未満の金属製は家庭金物。,戸別回収,戸別回収
シリコン製品,燃やすごみ,,毎週火・金曜日,毎週月・木曜日
芯（ラップやトイレットペーパー）,ミックスペーパー,つぶして紙袋に入れて出す。,集団資源回収日,集団資源回収日
人工大理石製品,収集不可,ページ下部「市では収集・処理できないもの」をご参照ください。,ー,ー
シンセサイザー,粗大ごみ,,戸別回収,戸別回収
新聞紙,新聞,,集団資源回収日,集団資源回収日
品名,種別,留意点等,北・東地区,南・西地区
水槽（ポンプはセットでも可）,不燃ごみ,50センチメートル以上は粗大ごみ。,毎週木曜日,毎週金曜日
水筒（金属製）,家庭金物,,集団資源回収日,集団資源回収日
炊飯器・炊飯ジャー,小型家電,内釜は家庭金物。,第2・第4月曜日,第2・第4火曜日
スーツケース,粗大ごみ,,戸別回収,戸別回収
姿見（スタンドミラー）,粗大ごみ,1メートル以上は大型粗大ごみ。,戸別回収,戸別回収
スキーウエア,燃やすごみ,,毎週火・金曜日,毎週月・木曜日
スキーキャリア（棒状）,粗大ごみ,ボックス型は収集不可。,戸別回収,戸別回収
スキー靴,不燃ごみ,,毎週木曜日,毎週金曜日
スキーセット（板・ストック・靴のセット）,大型粗大ごみ,1メートル未満は粗大ごみ。,戸別回収,戸別回収
スキューバ用ウェイト（重り10キログラムまで）,粗大ごみ,ベルトセットも可。,戸別回収,戸別回収
スキューバ用空気ボンベ,収集不可,ページ下部「市では収集・処理できないもの」をご参照ください。,ー,ー
スキューバ用ジャケット、レギュレーター、水深計,不燃ごみ,,毎週木曜日,毎週金曜日
スクーター,収集不可,ページ下部「市では収集・処理できないもの」をご参照ください。,ー,ー
スクリーンカーテン,粗大ごみ,1メートル未満に切断して指定ごみ袋に入れ口を結ぶことができれば燃やすごみ。,戸別回収,戸別回収
スケートボード,不燃ごみ,,毎週木曜日,毎週金曜日
スコップ,指定品目,5本まで指定ごみ袋（大きさ不問）を巻いて不燃ごみの日に出す。50センチメートル未満の金属製は家庭金物。,ー,ー
すずり,不燃ごみ,,毎週木曜日,毎週金曜日
すだれ,粗大ごみ,50センチメートル未満に切断して指定ごみ袋に入れ口を結ぶことができれば燃やすごみ。,戸別回収,戸別回収
スタンプ台（金属製）,不燃ごみ,,毎週木曜日,毎週金曜日
スタンプ台（プラスチック製）,燃やすごみ,,毎週火・金曜日,毎週月・木曜日
スチール缶（飲料、食料品）,スチール缶,中身を空にして汚れを落とす。汚れているものは不燃ごみ。,集団資源回収日,集団資源回収日
スチールたわし,不燃ごみ,,毎週木曜日,毎週金曜日
スチールロッカー,粗大ごみ,1メートル以上は大型粗大ごみ。,戸別回収,戸別回収
スティック（ゲートボール）,指定品目,5本まで指定ごみ袋（大きさ不問）を巻いて不燃ごみの日に出す。,ー,ー
ステッキ,指定品目,5本まで指定ごみ袋（大きさ不問）を巻いて不燃ごみの日に出す。,ー,ー
ステレオセット（スピーカーの高さが50センチメートル未満のもの）,粗大ごみ,,戸別回収,戸別回収
ステレオセット（スピーカーの高さが50センチメートル以上のもの）,大型粗大ごみ,,戸別回収,戸別回収
ストーブ類（石油・ガス・電気）,粗大ごみ,50センチメートル未満の電気ストーブは小型家電。灯油は抜く。50センチメートル未満の石油ストーブ、ガスストーブは不燃ごみ。,戸別回収,戸別回収
ストッキング,燃やすごみ,,毎週火・金曜日,毎週月・木曜日
ストロー,燃やすごみ,,毎週火・金曜日,毎週月・木曜日
砂（土・石）,収集不可,ページ下部「市では収集・処理できないもの」をご参照ください。,ー,ー
スノーボード,大型粗大ごみ,1メートル未満は粗大ごみ。,戸別回収,戸別回収
すのこ,粗大ごみ,1メートル以上2メートル以内は大型粗大ごみ。,戸別回収,戸別回収
スピーカー（2個1セット）,不燃ごみ,50センチメートル以上は粗大ごみ。,毎週木曜日,毎週金曜日
スプーン,燃やすごみ,金属製は家庭金物。,毎週火・金曜日,毎週月・木曜日
スプリングマットレス,大型粗大ごみ,,戸別回収,戸別回収
スプレー缶,危険有害ごみ,中身を空にして安全な場所で安全な道具で穴を開ける。,第2・第4月曜日,第2・第4火曜日
スポンジ,燃やすごみ,,毎週火・金曜日,毎週月・木曜日
ズボンプレッサー,小型家電,50センチメートル以上は粗大ごみ。,第2・第4月曜日,第2・第4火曜日
炭,燃やすごみ,,毎週火・金曜日,毎週月・木曜日
スライドチャック式ビニール保存袋,燃やすごみ,,毎週火・金曜日,毎週月・木曜日
すりガラスのびん,あきびん,拠点回収にも出せる。,第2・第4水曜日,第1・第3水曜日
スリッパ,燃やすごみ,,毎週火・金曜日,毎週月・木曜日
スロープ（ゴム・プラスチック・鉄製）,不燃ごみ,50センチメートル以上は粗大ごみ。,毎週木曜日,毎週金曜日
品名,種別,留意点等,北・東地区,南・西地区
精米機（家庭用）,粗大ごみ,50センチメートル未満は小型家電。,戸別回収,戸別回収
生理用品,燃やすごみ,,毎週火・金曜日,毎週月・木曜日
セーター,布類,,集団資源回収日,集団資源回収日
石油タンク（屋外用）,収集不可,ページ下部「市では収集・処理できないもの」をご参照ください。,ー,ー
石油類,収集不可,ページ下部「市では収集・処理できないもの」をご参照ください。,ー,ー
石鹸の箱,燃やすごみ,においがついているため。,毎週火・金曜日,毎週月・木曜日
石膏像,不燃ごみ,50センチメートル以上は粗大ごみ。,毎週木曜日,毎週金曜日
石膏ボード,収集不可,ページ下部「市では収集・処理できないもの」をご参照ください。,ー,ー
接着剤のチューブ（金属製）,不燃ごみ,,毎週木曜日,毎週金曜日
接着剤のチューブ（プラスチック製）,燃やすごみ,,毎週火・金曜日,毎週月・木曜日
せともの（陶磁器）,不燃ごみ,,毎週木曜日,毎週金曜日
セロハンテープの刃,不燃ごみ,,毎週木曜日,毎週金曜日
線香の箱,燃やすごみ,においがついているため。,毎週火・金曜日,毎週月・木曜日
洗剤の箱,燃やすごみ,においがついているため。,毎週火・金曜日,毎週月・木曜日
洗濯かご,燃やすごみ,50センチメートル以上は粗大ごみ。,毎週火・金曜日,毎週月・木曜日
洗濯機,家電4品目,ページ下部「市では収集・処理できないもの」をご参照ください。,ー,ー
栓抜き（金属製）,家庭金物,,集団資源回収日,集団資源回収日
扇風機（サーキュレーター含む）,粗大ごみ,50センチメートル未満は小型家電。,戸別回収,戸別回収
洗面器（プラスチック製）,燃やすごみ,金属製は家庭金物。,毎週火・金曜日,毎週月・木曜日
洗面化粧台,収集不可,ページ下部「市では収集・処理できないもの」をご参照ください。,ー,ー
品名,種別,留意点等,北・東地区,南・西地区
掃除機（キャニスター型、スティック型、ロボット型）,小型家電,キャニスター型の掃除機については、本体の長さが50センチメートル未満であれば、ノズル、ホース、筒等の部品の長さが50センチメートル以上であっても、すべてを45リットル以下の透明または半透明の袋に入れていただければ、小型家電として出すことができます。また、スティック型やロボット型については、一辺の長さが50センチメートル未満は小型家電として出すことができます。50センチメートル以上1メートル未満は粗大ごみ、1メートル以上は大型粗大ごみとなります。,第2・第4月曜日,第2・第4火曜日
ソーラーパネル,収集不可,ページ下部「市では収集・処理できないもの」をご参照ください。,ー,ー
ソファー（1メートル以上）,大型粗大ごみ,1メートル未満は粗大ごみ。,戸別回収,戸別回収
ソファーベッド,大型粗大ごみ,電動式は収集不可。,戸別回収,戸別回収
ソリ（プラスチック製）,燃やすごみ,50センチメートル以上は粗大ごみ。,毎週火・金曜日,毎週月・木曜日
品名,種別,留意点等,北・東地区,南・西地区
タープ（アウトドア用）,粗大ごみ,,戸別回収,戸別回収
体温計（水銀式）,危険有害ごみ,拠点回収にも出せる。,第2・第4月曜日,第2・第4火曜日
体温計（電池式）,小型家電,電池は外す。なるべく小型家電専用回収ボックスへ。,第2・第4月曜日,第2・第4火曜日
台車,粗大ごみ,,戸別回収,戸別回収
体重計（電池式）,小型家電,電池は外す。50センチメートル以上は粗大ごみ。,第2・第4月曜日,第2・第4火曜日
体重計（電池を使用していないもの）,家庭金物,50センチメートル以上は粗大ごみ。,集団資源回収日,集団資源回収日
タイプライター,不燃ごみ,,毎週木曜日,毎週金曜日
タイヤ,収集不可,ページ下部「市では収集・処理できないもの」をご参照ください。,ー,ー
タイヤチェーン（金属製）,家庭金物,,集団資源回収日,集団資源回収日
タイヤチェーン（ゴム製）,燃やすごみ,,毎週火・金曜日,毎週月・木曜日
太陽光モジュール,収集不可,ページ下部「市では収集・処理できないもの」をご参照ください。,ー,ー
タイル,収集不可,ページ下部「市では収集・処理できないもの」をご参照ください。,ー,ー
ダウンジャケット,燃やすごみ,,毎週火・金曜日,毎週月・木曜日
タオル,布類,,集団資源回収日,集団資源回収日
タオルケット,布類,,集団資源回収日,集団資源回収日
高枝ばさみ,粗大ごみ,1メートル以上は大型粗大ごみ。,戸別回収,戸別回収
卓上ガスコンロ,家庭金物,,集団資源回収日,集団資源回収日
卓上ガスコンロのボンベ,危険有害ごみ,中身を空にして安全な場所で安全な道具で穴を開ける。,第2・第4月曜日,第2・第4火曜日
竹製品（たけがき、竹馬等）,粗大ごみ,50センチメートル未満に切断して指定ごみ袋入れ口を結ぶことができれば燃やすごみ。,戸別回収,戸別回収
畳,粗大ごみ,1畳を4分割したものに限る。,戸別回収,戸別回収
卓球台,大型粗大ごみ,事業系廃棄物は収集不可。,戸別回収,戸別回収
棚,粗大ごみ,1メートル以上は大型粗大ごみ。,戸別回収,戸別回収
たばこの吸い殻,燃やすごみ,,毎週火・金曜日,毎週月・木曜日
たばこの箱,ミックスペーパー,,集団資源回収日,集団資源回収日
たばこの箱の中の銀紙,燃やすごみ,,毎週火・金曜日,毎週月・木曜日
卵のパック（紙製）,ミックスペーパー,,集団資源回収日,集団資源回収日
卵のパック（プラスチック製）,容器包装プラスチック,容器包装プラスチックのマークを確認する。,毎週水曜日,毎週水曜日
たらい（金属製）,家庭金物,50センチメートル以上は粗大ごみ。,集団資源回収日,集団資源回収日
たらい（プラスチック制）,燃やすごみ,50センチメートル以上は粗大ごみ。,毎週火・金曜日,毎週月・木曜日
たわし,燃やすごみ,,毎週火・金曜日,毎週月・木曜日
たわし（金属製）,不燃ごみ,,毎週木曜日,毎週金曜日
たんす（1辺の長さが1メートル未満のもの）,粗大ごみ,1メートル以上は大型粗大ごみ。,戸別回収,戸別回収
断熱材,収集不可,ページ下部「市では収集・処理できないもの」をご参照ください。,ー,ー
ダンベル（鉄アレイ）（金属製）,家庭金物,15キログラム以上または、50センチメートル以上は粗大ごみ。,集団資源回収日,集団資源回収日
ダンベル（プラスチック製）,燃やすごみ,,毎週火・金曜日,毎週月・木曜日
ダンボール,ダンボール,粘着物は外してひもで束ねて出す。,集団資源回収日,集団資源回収日
反物（着物）,布類,,集団資源回収日,集団資源回収日
品名,種別,留意点等,北・東地区,南・西地区
チェーン（金属製）,家庭金物,,集団資源回収日,集団資源回収日
チェーン（プラスチック製）,燃やすごみ,,毎週火・金曜日,毎週月・木曜日
チェスト,粗大ごみ,1メートル以上は大型粗大ごみ。,戸別回収,戸別回収
地球儀,不燃ごみ,50センチメートル以上は粗大ごみ。,毎週木曜日,毎週金曜日
チャイルドシート,粗大ごみ,,戸別回収,戸別回収
着火ライター,危険有害ごみ,使い切って出す。,第2・第4月曜日,第2・第4火曜日
チャック付ビニール袋,燃やすごみ,,毎週火・金曜日,毎週月・木曜日
茶の缶（金属製のフタを含む）,スチール缶,中身を空にして汚れを落とす。汚れているものは不燃ごみ。,集団資源回収日,集団資源回収日
茶の筒（紙製）,ミックスペーパー,つぶして紙袋に入れて出す。,集団資源回収日,集団資源回収日
茶箱,粗大ごみ,,戸別回収,戸別回収
注射器・注射針,収集不可,医療機関へ戻す。,ー,ー
チューナー（TV・オーディオ）,小型家電,50センチメートル以上は粗大ごみ。,第2・第4月曜日,第2・第4火曜日
チューブ（金属製）,不燃ごみ,,毎週木曜日,毎週金曜日
チューブ（食品・歯磨き・化粧品類）,容器包装プラスチック,容器包装プラスチックのマークを確認する。中身を空にして汚れを落とす。汚れが落ちなければ燃やすごみ。,毎週水曜日,毎週水曜日
ちらし（新聞折り込み）,新聞,新聞と一緒に束ねて出す。,集団資源回収日,集団資源回収日
ちらし（新聞折り込み以外）,ミックスペーパー,,集団資源回収日,集団資源回収日
ちり紙,燃やすごみ,,毎週火・金曜日,毎週月・木曜日
ちりとり（金属製）,家庭金物,50センチメートル以上は粗大ごみ。,集団資源回収日,集団資源回収日
ちりとり（プラスチック製）,燃やすごみ,50センチメートル以上は粗大ごみ。,毎週火・金曜日,毎週月・木曜日
品名,種別,留意点等,北・東地区,南・西地区
杖,指定品目,5本まで指定ごみ袋（大きさ不問）を巻いて不燃ごみの日に出す。,ー,ー
机,粗大ごみ,1メートル以上は大型粗大ごみ。,戸別回収,戸別回収
土,収集不可,ページ下部「市では収集・処理できないもの」をご参照ください。,ー,ー
つっぱり棒,指定品目,5本まで指定ごみ袋（大きさ不問）を巻いて不燃ごみの日に出す。,ー,ー
つめきり,家庭金物,,集団資源回収日,集団資源回収日
釣り具のおもり,不燃ごみ,,毎週木曜日,毎週金曜日
釣り具のリール（電動式）,小型家電,,第2・第4月曜日,第2・第4火曜日
釣り具のリール（非電動式）,不燃ごみ,,毎週木曜日,毎週金曜日
釣り竿,指定品目,5本まで指定ごみ袋（大きさ不問）を巻いて不燃ごみの日に出す。,ー,ー
釣り針,不燃ごみ,紙に包み指定ごみ袋に入れ「キケン」と表示する。,毎週木曜日,毎週金曜日
品名,種別,留意点等,北・東地区,南・西地区
Tシャツ,布類,,集団資源回収日,集団資源回収日
低周波治療器,小型家電,50センチメートル以上は粗大ごみ。,第2・第4月曜日,第2・第4火曜日
ティッシュペーパー,燃やすごみ,,毎週火・金曜日,毎週月・木曜日
ティッシュペーパーの箱,ミックスペーパー,ビニール部分は外して容器包装プラスチック。,集団資源回収日,集団資源回収日
DVD,燃やすごみ,なるべく拠点回収へ。,毎週火・金曜日,毎週月・木曜日
DVDプレーヤー,小型家電,50センチメートル以上は粗大ごみ。なるべく小型家電専用回収ボックスへ。,第2・第4月曜日,第2・第4火曜日
テーブル,粗大ごみ,1メートル以上は大型粗大ごみ。,戸別回収,戸別回収
手押し車,粗大ごみ,,戸別回収,戸別回収
鉄アレイ（ダンベル）,家庭金物,15キログラム以上または、50センチメートル以上は粗大ごみ。,集団資源回収日,集団資源回収日
デッキブラシ,指定品目,5本まで指定ごみ袋（大きさ不問）を巻いて不燃ごみの日に出す。,ー,ー
鉄板,粗大ごみ,厚さ4ミリメートル、長さ1メートル未満まで。それ以上のものは収集不可。,戸別回収,戸別回収
テニスラケット,指定品目,5本まで指定ごみ袋（大きさ不問）を巻いて不燃ごみの日に出す。,ー,ー
手ぬぐい,布類,,集団資源回収日,集団資源回収日
手袋,燃やすごみ,,毎週火・金曜日,毎週月・木曜日
テレビ（ブラウン管式・液晶式・プラズマ式）,家電4品目,ページ下部「市では収集・処理できないもの」をご参照ください。,ー,ー
テレビ台,粗大ごみ,1メートル以上は大型粗大ごみ。,戸別回収,戸別回収
電気あんか,小型家電,,第2・第4月曜日,第2・第4火曜日
電気温水器（大型）,収集不可,ページ下部「市では収集・処理できないもの」をご参照ください。,ー,ー
電気スタンド,小型家電,50センチメートル以上は粗大ごみ。蛍光管、電球は外す。,第2・第4月曜日,第2・第4火曜日
電気ポット,小型家電,,第2・第4月曜日,第2・第4火曜日
電球（白熱球・LED電球）,不燃ごみ,,毎週木曜日,毎週金曜日
電球型蛍光灯,危険有害ごみ,なるべく拠点回収へ。,第2・第4月曜日,第2・第4火曜日
電子オルガン（エレクトーン）,大型粗大ごみ,,戸別回収,戸別回収
点字製品,ミックスペーパー,感熱性発泡紙は燃やすごみ。,集団資源回収日,集団資源回収日
電子タバコ,小型家電,,第2・第4月曜日,第2・第4火曜日
電子ドラム,小型家電,50センチメートル以上は粗大ごみ。,第2・第4月曜日,第2・第4火曜日
電子ピアノ,収集不可,ページ下部「市では収集・処理できないもの」をご参照ください。,ー,ー
電子レンジ,小型家電,50センチメートル以上は粗大ごみ。,第2・第4月曜日,第2・第4火曜日
天体望遠鏡,粗大ごみ,,戸別回収,戸別回収
電卓,小型家電,なるべく小型家電専用回収ボックスへ。,第2・第4月曜日,第2・第4火曜日
電池（アルカリ・マンガン）,危険有害ごみ,拠点回収にも出せる。,第2・第4月曜日,第2・第4火曜日
電池（ニカド・ニッケル水素・リチウムイオン）,危険有害ごみ,拠点回収にも出せる。,第2・第4月曜日,第2・第4火曜日
電池（ボタン）,収集不可,ページ下部「市では収集・処理できないもの」をご参照ください。,ー,ー
テント（小型のみ）,粗大ごみ,,戸別回収,戸別回収
電動工具,小型家電,50センチメートル以上は粗大ごみ。,第2・第4月曜日,第2・第4火曜日
電動自転車,収集不可,ページ下部「市では収集・処理できないもの」をご参照ください。,ー,ー
電動歯ブラシ,小型家電,なるべく小型家電専用回収ボックスへ。,第2・第4月曜日,第2・第4火曜日
電動ベッド,収集不可,ページ下部「市では収集・処理できないもの」をご参照ください。,ー,ー
てんぷら油,燃やすごみ,拠点回収へ。燃やすごみへ出す場合は布や紙に染み込ませるか、固める。,毎週火・金曜日,毎週月・木曜日
電話機,小型家電,なるべく小型家電専用回収ボックスへ。,第2・第4月曜日,第2・第4火曜日
品名,種別,留意点等,北・東地区,南・西地区
砥石,不燃ごみ,,毎週木曜日,毎週金曜日
陶磁器（せともの）,不燃ごみ,50センチメートル以上は粗大ごみ。紙に包み指定ごみ袋に入れ「キケン」と表示する。,毎週木曜日,毎週金曜日
籐製品,燃やすごみ,50センチメートル以上は粗大ごみ。,毎週火・金曜日,毎週月・木曜日
灯油タンク（金属製）,不燃ごみ,中身を空にする。,毎週木曜日,毎週金曜日
時計（機械式）,不燃ごみ,50センチメートル以上は粗大ごみ。,毎週木曜日,毎週金曜日
時計（電池式）,小型家電,電池は外す。50センチメートル以上は粗大ごみ。,第2・第4月曜日,第2・第4火曜日
トースター,小型家電,,第2・第4月曜日,第2・第4火曜日
トタン（金属製、プラスチック製）,粗大ごみ,1メートル以上2メートル以内は大型粗大ごみ。,戸別回収,戸別回収
ドライバー（金属製）,家庭金物,,集団資源回収日,集団資源回収日
ドライヤー,小型家電,なるべく小型家電専用回収ボックスへ。,第2・第4月曜日,第2・第4火曜日
ドラム缶,収集不可,ページ下部「市では収集・処理できないもの」をご参照ください。,ー,ー
鳥かご（金属製）,家庭金物,受け皿は燃やすごみ。50センチメートル以上は粗大ごみ。,集団資源回収日,集団資源回収日
鳥かご（木製・プラスチック製）,燃やすごみ,50センチメートル以上は粗大ごみ。,毎週火・金曜日,毎週月・木曜日
トレイ（金属製）,家庭金物,,集団資源回収日,集団資源回収日
トレイ（食品用）,容器包装プラスチック,容器包装プラスチックのマークを確認する。汚れを落とす。汚れが落ちなければ燃やすごみ。,毎週水曜日,毎週水曜日
トレーニングマシン（健康器具）,大型粗大ごみ,1メートル未満は粗大ごみ。,戸別回収,戸別回収
ドレッサー（鏡台）,粗大ごみ,1メートル以上は大型粗大ごみ。,戸別回収,戸別回収
トレリス（ラティス・ウッドフェンス）,粗大ごみ,1メートル以上2メートル以内は大型粗大ごみ。,戸別回収,戸別回収
品名,種別,留意点等,北・東地区,南・西地区
ナイフ,不燃ごみ,紙に包み指定ごみ袋に入れ「キケン」と表示する。,毎週木曜日,毎週金曜日
長椅子（ベンチ）,大型粗大ごみ,,戸別回収,戸別回収
流し台,大型粗大ごみ,ホーロー製、コンクリート製は収集不可。,戸別回収,戸別回収
ナタ,不燃ごみ,紙に包み指定ごみ袋に入れ「キケン」と表示する。,毎週木曜日,毎週金曜日
捺染紙,燃やすごみ,,毎週火・金曜日,毎週月・木曜日
鍋（金属・ホーロー製）,家庭金物,,集団資源回収日,集団資源回収日
鍋（土鍋）,不燃ごみ,,毎週木曜日,毎週金曜日
生ごみ,燃やすごみ,水を切る。なるべく家庭用生ごみ処理容器等で処理。,毎週火・金曜日,毎週月・木曜日
生ごみ処理機（電動）,小型家電,50センチメートル以上は粗大ごみ。,第2・第4月曜日,第2・第4火曜日
品名,種別,留意点等,北・東地区,南・西地区
2段ベッド,大型粗大ごみ,,戸別回収,戸別回収
人形（金属製）,不燃ごみ,50センチメートル以上は粗大ごみ。,毎週木曜日,毎週金曜日
人形（布製・プラスチック製・木製・紙製）,燃やすごみ,50センチメートル以上は粗大ごみ。,毎週火・金曜日,毎週月・木曜日
人形ケース,不燃ごみ,50センチメートル以上は粗大ごみ。,毎週木曜日,毎週金曜日
品名,種別,留意点等,北・東地区,南・西地区
ぬいぐるみ,燃やすごみ,50センチメートル以上は粗大ごみ。,毎週火・金曜日,毎週月・木曜日
縫い針,不燃ごみ,紙に包み指定ごみ袋に入れ「キケン」と表示する。,毎週木曜日,毎週金曜日
布の切れはし,燃やすごみ,,毎週火・金曜日,毎週月・木曜日
品名,種別,留意点等,北・東地区,南・西地区
ネクタイ,布類,,集団資源回収日,集団資源回収日
ねじ,不燃ごみ,,毎週木曜日,毎週金曜日
品名,種別,留意点等,北・東地区,南・西地区
ノート,雑誌,,集団資源回収日,集団資源回収日
のこぎり,不燃ごみ,紙に包み指定ごみ袋に入れ「キケン」と表示する。,毎週木曜日,毎週金曜日
海苔の缶（金属製のフタを含む）,スチール缶,中身を空にして汚れを落とす。汚れているものは不燃ごみ。,集団資源回収日,集団資源回収日
品名,種別,留意点等,北・東地区,南・西地区
パーキングブロック,粗大ごみ,コンクリート製は収集不可。,戸別回収,戸別回収
バーベキューコンロ,家庭金物,50センチメートル以上は粗大ごみ。,集団資源回収日,集団資源回収日
バーベル,粗大ごみ,1メートル以上は大型粗大ごみ。,戸別回収,戸別回収
ハーモニカ（金属製）,家庭金物,,集団資源回収日,集団資源回収日
バイク,収集不可,ページ下部「市では収集・処理できないもの」をご参照ください。,ー,ー
灰皿（ガラス製）,不燃ごみ,,毎週木曜日,毎週金曜日
灰皿（金属製）,家庭金物,,集団資源回収日,集団資源回収日
パイプいす,家庭金物,50センチメートル以上は粗大ごみ。,集団資源回収日,集団資源回収日
パイプ製品（金属製）,家庭金物,50センチメートル以上は粗大ごみ。,集団資源回収日,集団資源回収日
パイプハンガー,家庭金物,50センチメートル以上は粗大ごみ。,集団資源回収日,集団資源回収日
バインダー,燃やすごみ,,毎週火・金曜日,毎週月・木曜日
バウンサー（赤ちゃんの揺りかご）,粗大ごみ,,戸別回収,戸別回収
はがき,ミックスペーパー,,集団資源回収日,集団資源回収日
剥製,不燃ごみ,50センチメートル以上は粗大ごみ。,毎週木曜日,毎週金曜日
白熱電球,不燃ごみ,,毎週木曜日,毎週金曜日
バケツ,燃やすごみ,金属製は家庭金物。,毎週火・金曜日,毎週月・木曜日
はさみ,不燃ごみ,紙に包み指定ごみ袋にいれ「キケン」と表示する。,毎週木曜日,毎週金曜日
はし（金属製）,家庭金物,,集団資源回収日,集団資源回収日
はしご,粗大ごみ,1メートル以上は大型粗大ごみ。,戸別回収,戸別回収
パソコン,収集不可,ページ下部「市では収集・処理できないもの」をご参照ください。,ー,ー
パソコンスキャナー,小型家電,50センチメートル以上は粗大ごみ。,第2・第4月曜日,第2・第4火曜日
パソコンデスク,粗大ごみ,1メートル以上は大型粗大ごみ。,戸別回収,戸別回収
パソコンプリンター,小型家電,50センチメートル以上は粗大ごみ。,第2・第4月曜日,第2・第4火曜日
パソコンモデム、ドライブ,小型家電,,第2・第4月曜日,第2・第4火曜日
パソコンモニター（ノート、デスクトップ）,収集不可,ページ下部「市では収集・処理できないもの」をご参照ください。,ー,ー
パソコンラック,粗大ごみ,1メートル以上は大型粗大ごみ。,戸別回収,戸別回収
バターの容器（金属製）,家庭金物,中身を空にして汚れを落とす。汚れているものは不燃ごみ。,集団資源回収日,集団資源回収日
バッテリー（自動車用）,収集不可,ページ下部「市では収集・処理できないもの」をご参照ください。,ー,ー
バッテリーチャージャー,小型家電,,第2・第4月曜日,第2・第4火曜日
発電機,収集不可,ページ下部「市では収集・処理できないもの」をご参照ください。,ー,ー
バット,指定品目,5本まで指定ごみ袋（大きさ不問）を巻いて不燃ごみの日に出す。,ー,ー
発泡スチロールの容器・梱包材,容器包装プラスチック,,毎週水曜日,毎週水曜日
バドミントンのラケット,指定品目,5本まで指定ごみ袋（大きさ不問）を巻いて不燃ごみの日に出す。,ー,ー
花火,燃やすごみ,水につけて発火しないようにする。,毎週火・金曜日,毎週月・木曜日
パネルヒーター（板状）,粗大ごみ,50センチメートル未満は小型家電。,戸別回収,戸別回収
歯ブラシ,燃やすごみ,,毎週火・金曜日,毎週月・木曜日
刃物,不燃ごみ,紙に包み指定ごみ袋に入れ「キケン」と表示する。,毎週木曜日,毎週金曜日
パラボラアンテナ（BS・CS等受信用）,粗大ごみ,50センチメートル未満は不燃ごみ。,戸別回収,戸別回収
針,不燃ごみ,紙に包み指定ごみ袋に入れ「キケン」と表示する。,毎週木曜日,毎週金曜日
針金,家庭金物,,集団資源回収日,集団資源回収日
ハンガー（金属製）,家庭金物,,集団資源回収日,集団資源回収日
ハンガー（木製・プラスチック製）,燃やすごみ,,毎週火・金曜日,毎週月・木曜日
ハンガーラック,粗大ごみ,,戸別回収,戸別回収
ハンカチ,布類,,集団資源回収日,集団資源回収日
半紙,燃やすごみ,,毎週火・金曜日,毎週月・木曜日
パンフレット,雑誌,,集団資源回収日,集団資源回収日
パン焼機（ホームベーカリー）,小型家電,50センチメートル以上は粗大ごみ。,第2・第4月曜日,第2・第4火曜日
品名,種別,留意点等,北・東地区,南・西地区
ピアノ（電子ピアノを含む）,収集不可,ページ下部「市では収集・処理できないもの」をご参照ください。,ー,ー
ビーズクッション,燃やすごみ,50センチメートル以上は粗大ごみ。,毎週火・金曜日,毎週月・木曜日
ビーチパラソル（ガーデンパラソル含む）,粗大ごみ,,戸別回収,戸別回収
ビールびん,あきびん,販売店に返却する。中身を空にして汚れを落とす。拠点回収にも出せる。,第2・第4水曜日,第1・第3水曜日
ひげそり（非電気式）,不燃ごみ,紙に包み指定ごみ袋にいれ「キケン」と表示する。,毎週木曜日,毎週金曜日
ビデオカメラ,小型家電,なるべく小型家電専用回収ボックスへ。,第2・第4月曜日,第2・第4火曜日
ビデオテープ,燃やすごみ,なるべく拠点回収へ。,毎週火・金曜日,毎週月・木曜日
ビデオデッキ,小型家電,50センチメートル以上は粗大ごみ。,第2・第4月曜日,第2・第4火曜日
ビニールシート,粗大ごみ,1メートル未満に切断し指定ごみ袋に入れて口を結べれば燃やすごみ。,戸別回収,戸別回収
火鉢,粗大ごみ,灰は抜く。,戸別回収,戸別回収
肥料,収集不可,ページ下部「市では収集・処理できないもの」をご参照ください。,ー,ー
品名,種別,留意点等,北・東地区,南・西地区
ファクス機,小型家電,50センチメートル以上は粗大ごみ。なるべく小型家電専用回収ボックスへ。,第2・第4月曜日,第2・第4火曜日
ファンヒーター（灯油・電気・ガス）,粗大ごみ,灯油は抜いて出す。50センチメートル未満は小型家電。,戸別回収,戸別回収
フィルムカメラ,小型家電,使い捨てカメラは燃やすごみ。なるべく小型家電専用回収ボックスへ。,第2・第4月曜日,第2・第4火曜日
封筒,ミックスペーパー,紙以外の部分は外して燃やすごみ。,集団資源回収日,集団資源回収日
風鈴（ガラス製・鉄製）,不燃ごみ,,毎週木曜日,毎週金曜日
フェルト,燃やすごみ,,毎週火・金曜日,毎週月・木曜日
フェンス,粗大ごみ,1メートル以上は大型粗大ごみ。,戸別回収,戸別回収
フォーク,燃やすごみ,金属製は家庭金物。,毎週火・金曜日,毎週月・木曜日
ふすま,粗大ごみ,1メートル以上2メートル以内は大型粗大ごみ。,戸別回収,戸別回収
フタ（金属製）,家庭金物,ガラス製は不燃ごみ。,集団資源回収日,集団資源回収日
フタ（プラスチック製）,容器包装プラスチック,容器包装プラスチックのマークを確認する。汚れを落とす。汚れが落ちなければ燃やすごみ。,毎週水曜日,毎週水曜日
ブックエンド（金属製）,家庭金物,,集団資源回収日,集団資源回収日
仏壇,粗大ごみ,1メートル以上は大型粗大ごみ。,戸別回収,戸別回収
筆箱（金属製）,家庭金物,,集団資源回収日,集団資源回収日
ふとん（羽毛）,燃やすごみ,指定ごみ袋に入れて口を結ぶ。,毎週火・金曜日,毎週月・木曜日
ふとん（綿）,粗大ごみ,布を剥ぎ中の綿を分けて指定ごみ袋に入れて口を結ぶことができれば燃やすごみ。,戸別回収,戸別回収
布団カバー,布類,,集団資源回収日,集団資源回収日
布団乾燥機,小型家電,,第2・第4月曜日,第2・第4火曜日
布団干し器,粗大ごみ,,戸別回収,戸別回収
踏み台（金属製）,家庭金物,50センチメートル以上は粗大ごみ。,集団資源回収日,集団資源回収日
踏み台（プラスチック製）,燃やすごみ,50センチメートル以上は粗大ごみ。,毎週火・金曜日,毎週月・木曜日
フライ返し（金属製）,家庭金物,,集団資源回収日,集団資源回収日
フライ返し（プラスチック製）,燃やすごみ,,毎週火・金曜日,毎週月・木曜日
フライパン,家庭金物,,集団資源回収日,集団資源回収日
ブラインド,大型粗大ごみ,1メートル未満は粗大ごみ。,戸別回収,戸別回収
プラスチック製密閉容器,燃やすごみ,,毎週火・金曜日,毎週月・木曜日
プランター（園芸用）,燃やすごみ,50センチメートル以上は粗大ごみ。,毎週火・金曜日,毎週月・木曜日
プリンター（複合機含む）,小型家電,50センチメートル以上は粗大ごみ。,第2・第4月曜日,第2・第4火曜日
ブルーシート,粗大ごみ,1メートル未満に切断し指定ごみ袋に入れて口を結べれば燃やすごみ。,戸別回収,戸別回収
風呂釜（24時間風呂）,収集不可,ページ下部「市では収集・処理できないもの」をご参照ください。,ー,ー
風呂釜（ガス釜のみ）,粗大ごみ,,戸別回収,戸別回収
プロジェクションTV,大型粗大ごみ,,戸別回収,戸別回収
プロジェクター,粗大ごみ,50センチメートル未満は小型家電。,戸別回収,戸別回収
プロジェクタースクリーン,粗大ごみ,,戸別回収,戸別回収
風呂敷,燃やすごみ,,毎週火・金曜日,毎週月・木曜日
ブロック（コンクリート製）,収集不可,ページ下部「市では収集・処理できないもの」をご参照ください。,ー,ー
フロッピーディスク,燃やすごみ,なるべく拠点回収へ。,毎週火・金曜日,毎週月・木曜日
風呂のふた（プラスチック製）,燃やすごみ,50センチメートル以上は粗大ごみ。,毎週火・金曜日,毎週月・木曜日
文鎮（ぶんちん）,家庭金物,,集団資源回収日,集団資源回収日
文房具（金属製）,不燃ごみ,,毎週木曜日,毎週金曜日
文房具（木製・プラスチック製）,燃やすごみ,,毎週火・金曜日,毎週月・木曜日
噴霧器,粗大ごみ,50センチメートル未満は不燃ごみ。,戸別回収,戸別回収
品名,種別,留意点等,北・東地区,南・西地区
ヘアスプレー缶,危険有害ごみ,中身を空にして安全な場所で安全な道具で穴を開ける。,第2・第4月曜日,第2・第4火曜日
ヘアピン,不燃ごみ,,毎週木曜日,毎週金曜日
ベッド（電動ベッド・介護用ベッド）,収集不可,ページ下部「市では収集・処理できないもの」をご参照ください。,ー,ー
ベッド（枠・フレームのみ）,大型粗大ごみ,1メートル未満は粗大ごみ。,戸別回収,戸別回収
ペットケージ（金属製）,家庭金物,50センチメートル以上は粗大ごみ。,集団資源回収日,集団資源回収日
ペットケージ（プラスチック製・木製）,燃やすごみ,50センチメートル以上は粗大ごみ。,毎週火・金曜日,毎週月・木曜日
ペット小屋,粗大ごみ,,戸別回収,戸別回収
ペットのトイレ用砂,燃やすごみ,,毎週火・金曜日,毎週月・木曜日
ペットのフン,収集不可,トイレに流す。,ー,ー
ペットフードの缶（金属製のフタを含む）※アルミ製,アルミ缶,マークを確認する。中身を空にして汚れを落とす。汚れているものは不燃ごみ。,集団資源回収日,集団資源回収日
ペットフードの缶（金属製のフタを含む）※スチール製,スチール缶,マークを確認する。中身を空にして汚れを落とす。汚れているものは不燃ごみ。,集団資源回収日,集団資源回収日
ペットボトル,ペットボトル,ペットボトルマークを確認する。汚れを落とす。汚れが落ちなければ燃やすごみ。,毎週木曜日,毎週金曜日
ヘッドホン,小型家電,なるべく小型家電専用回収ボックスへ。,第2・第4月曜日,第2・第4火曜日
ベニヤ板,燃やすごみ,50センチメートル以上は粗大ごみ。1メートル以上2メートル以内は大型粗大ごみ。,毎週火・金曜日,毎週月・木曜日
ベビーカー（2人乗り用も含む）,粗大ごみ,,戸別回収,戸別回収
ベビーゲート,粗大ごみ,,戸別回収,戸別回収
ベビーたんす,粗大ごみ,,戸別回収,戸別回収
ベビーバス,粗大ごみ,,戸別回収,戸別回収
ベビーベッド,粗大ごみ,,戸別回収,戸別回収
ヘラ（金属製）,家庭金物,,集団資源回収日,集団資源回収日
ベルトのバックル,家庭金物,,集団資源回収日,集団資源回収日
ヘルメット,不燃ごみ,,毎週木曜日,毎週金曜日
ペンキ缶,不燃ごみ,中身は布や紙に染み込ませるか固めて燃やすごみ。,毎週木曜日,毎週金曜日
便器等陶器の型物,不燃ごみ,50センチメートル以上は粗大ごみ。,毎週木曜日,毎週金曜日
ペンキのスプレー缶,危険有害ごみ,中身を空にして安全な場所で安全な道具で穴を開ける。,第2・第4月曜日,第2・第4火曜日
ベンチ（縁台）,粗大ごみ,1メートル以上は大型粗大ごみ。,戸別回収,戸別回収
弁当箱,燃やすごみ,金属製は家庭金物。,毎週火・金曜日,毎週月・木曜日
品名,種別,留意点等,北・東地区,南・西地区
ボイラー（ガス炊きのみ）,粗大ごみ,,戸別回収,戸別回収
ほうき,指定品目,5本まで指定ごみ袋（大きさ不問）を巻いて不燃ごみの日に出す。,ー,ー
帽子,燃やすごみ,,毎週火・金曜日,毎週月・木曜日
包装紙,ミックスペーパー,,集団資源回収日,集団資源回収日
包丁,不燃ごみ,紙に包み指定ごみ袋に入れ「キケン」と表示する。,毎週木曜日,毎週金曜日
包丁研ぎ器（非電気式）,燃やすごみ,,毎週火・金曜日,毎週月・木曜日
ボウリングの球,不燃ごみ,,毎週木曜日,毎週金曜日
ボウル（金属製）,家庭金物,,集団資源回収日,集団資源回収日
ホース,粗大ごみ,1メートル未満に切断し指定ごみ袋に入れて口を結べれば燃やすごみ。,戸別回収,戸別回収
ホースリール（金属製）,家庭金物,ホースは取り除く。,集団資源回収日,集団資源回収日
ホースリール（プラスチック製）,燃やすごみ,ホースは巻いたままで可。,毎週火・金曜日,毎週月・木曜日
ポータブルトイレ,粗大ごみ,,戸別回収,戸別回収
ボール（バレー・バスケット・サッカー・野球・テニス・ゴルフ等）,燃やすごみ,,毎週火・金曜日,毎週月・木曜日
ボールペン（金属製）,不燃ごみ,,毎週木曜日,毎週金曜日
ボールペン（プラスチック製）,燃やすごみ,,毎週火・金曜日,毎週月・木曜日
木刀,指定品目,5本まで指定ごみ袋（大きさ不問）を巻いて不燃ごみの日に出す。,ー,ー
歩行器,粗大ごみ,,戸別回収,戸別回収
ポスター,ミックスペーパー,,集団資源回収日,集団資源回収日
保存袋（ビニール製）,燃やすごみ,,毎週火・金曜日,毎週月・木曜日
ボタン,燃やすごみ,,毎週火・金曜日,毎週月・木曜日
ボタン電池,収集不可,ページ下部「市では収集・処理できないもの」をご参照ください。,ー,ー
ホチキス（ステープラー）,不燃ごみ,,毎週木曜日,毎週金曜日
ホチキス（ステープラー）の針,不燃ごみ,,毎週木曜日,毎週金曜日
ポット（湯沸かし機能有り）,小型家電,,第2・第4月曜日,第2・第4火曜日
ポット（湯沸かし機能無し）,不燃ごみ,,毎週木曜日,毎週金曜日
ホットカーペット,粗大ごみ,1メートル未満に切断して指定ごみ袋に入れ口を結ぶことができれば燃やすごみ。コントローラーは小型家電。,戸別回収,戸別回収
ホットプレート（本体）,小型家電,,第2・第4月曜日,第2・第4火曜日
ホットプレートのプレートのみ,家庭金物,,集団資源回収日,集団資源回収日
ボディーボード,粗大ごみ,,戸別回収,戸別回収
ボビン,不燃ごみ,プラスチック製は燃やすごみ。,毎週木曜日,毎週金曜日
ポリタンク,燃やすごみ,指定ごみ袋に入れ口を結んで出す。口を結べない場合は1個に対し40リットルの指定ごみ袋を1枚貼り付けて燃やすごみの日に出す。,毎週火・金曜日,毎週月・木曜日
ポリバケツ,粗大ごみ,,戸別回収,戸別回収
保冷剤（車載用）,不燃ごみ,,毎週木曜日,毎週金曜日
保冷剤,燃やすごみ,,毎週火・金曜日,毎週月・木曜日
本,雑誌,,集団資源回収日,集団資源回収日
本立て（金属製）,家庭金物,,集団資源回収日,集団資源回収日
本棚,粗大ごみ,1メートル以上は大型粗大ごみ。,戸別回収,戸別回収
本箱,粗大ごみ,1メートル以上は大型粗大ごみ。,戸別回収,戸別回収
ポンプ（電動）,小型家電,50センチメートル以上は粗大ごみ。,第2・第4月曜日,第2・第4火曜日
品名,種別,留意点等,北・東地区,南・西地区
麻雀卓,粗大ごみ,,戸別回収,戸別回収
麻雀卓（自動）,収集不可,ページ下部「市では収集・処理できないもの」をご参照ください。,ー,ー
麻雀牌,燃やすごみ,,毎週火・金曜日,毎週月・木曜日
麻雀用のマット,燃やすごみ,,毎週火・金曜日,毎週月・木曜日
マガジンラック（金属製）,家庭金物,,集団資源回収日,集団資源回収日
薪ストーブ,粗大ごみ,,戸別回収,戸別回収
枕,燃やすごみ,,毎週火・金曜日,毎週月・木曜日
マジックペン,燃やすごみ,,毎週火・金曜日,毎週月・木曜日
マッサージ器（いす型）,大型粗大ごみ,,戸別回収,戸別回収
マット（玄関・トイレ・風呂等）,燃やすごみ,,毎週火・金曜日,毎週月・木曜日
マットレス（ウレタン）,燃やすごみ,折目で3分割に切り、紐またはガムテープでひとまとめにして、40リットルの指定ごみ袋を1枚貼り付けて燃やすごみ。切れない場合は粗大ごみ。,毎週火・金曜日,毎週月・木曜日
マットレス（スプリング入り）,大型粗大ごみ,,戸別回収,戸別回収
松葉杖,指定品目,5本まで指定ごみ袋（大きさ不問）を巻いて不燃ごみの日に出す。,ー,ー
窓付き封筒,ミックスペーパー,紙以外の部分（セロハンなど）は外して燃やすごみ。,集団資源回収日,集団資源回収日
まな板,燃やすごみ,50センチメートル以上は粗大ごみ。,毎週火・金曜日,毎週月・木曜日
マフラー,布類,,集団資源回収日,集団資源回収日
万年筆,不燃ごみ,,毎週木曜日,毎週金曜日
品名,種別,留意点等,北・東地区,南・西地区
ミシン（足踏み）,粗大ごみ,1メートル以上は大型粗大ごみ。,戸別回収,戸別回収
ミシン（卓上）,小型家電,50センチメートル以上は粗大ごみ。,第2・第4月曜日,第2・第4火曜日
水着,燃やすごみ,,毎週火・金曜日,毎週月・木曜日
ミニコンポ（スピーカーを除く）,小型家電,50センチメートル以上は粗大ごみ。,第2・第4月曜日,第2・第4火曜日
品名,種別,留意点等,北・東地区,南・西地区
虫かご（金属製）,家庭金物,50センチメートル以上は粗大ごみ。,集団資源回収日,集団資源回収日
虫かご（木製・プラスチック製）,燃やすごみ,50センチメートル以上は粗大ごみ。,毎週火・金曜日,毎週月・木曜日
蒸し器（金属製）,家庭金物,,集団資源回収日,集団資源回収日
蒸し器（木製・プラスチック製）,燃やすごみ,,毎週火・金曜日,毎週月・木曜日
虫ピン,不燃ごみ,紙に包み指定ごみ袋に入れ「キケン」と表示する。,毎週木曜日,毎週金曜日
品名,種別,留意点等,北・東地区,南・西地区
名刺入れ（金属製）,家庭金物,,集団資源回収日,集団資源回収日
メガネ,不燃ごみ,,毎週木曜日,毎週金曜日
メガネケース（金属製）,不燃ごみ,,毎週木曜日,毎週金曜日
メガネケース（プラスチック製）,燃やすごみ,,毎週火・金曜日,毎週月・木曜日
品名,種別,留意点等,北・東地区,南・西地区
毛布,粗大ごみ,1メートル未満に切断し指定ごみ袋に入れて口を結べれば燃やすごみ。,戸別回収,戸別回収
餅つき機,小型家電,50センチメートル以上は粗大ごみ。,第2・第4月曜日,第2・第4火曜日
モップ,指定品目,5本まで指定ごみ袋（大きさ不問）を巻いて不燃ごみの日に出す。,ー,ー
物置,大型粗大ごみ,解体済のもので2メートルまでに限る。,戸別回収,戸別回収
ものさし（金属製）,家庭金物,,集団資源回収日,集団資源回収日
物干し竿（金属製）,家庭金物,50センチメートル以上は粗大ごみ。,集団資源回収日,集団資源回収日
物干し台（コンクリート製・プラスチック製）,粗大ごみ,2個1セット。,戸別回収,戸別回収
モルタル,収集不可,ページ下部「市では収集・処理できないもの」をご参照ください。,ー,ー
門のジャバラ部分,粗大ごみ,畳んだ時に1辺が1メートル以上は大型粗大ごみ。,戸別回収,戸別回収
門扉,粗大ごみ,1メートル以上は大型粗大ごみ。,戸別回収,戸別回収
品名,種別,留意点等,北・東地区,南・西地区
やかん,家庭金物,,集団資源回収日,集団資源回収日
焼き網,家庭金物,50センチメートル以上は粗大ごみ。,集団資源回収日,集団資源回収日
やすり（金属製）,家庭金物,,集団資源回収日,集団資源回収日
柳ごおり,粗大ごみ,,戸別回収,戸別回収
品名,種別,留意点等,北・東地区,南・西地区
床掃除用ワイパー（柄のあるもの）,指定品目,5本まで指定ごみ袋（大きさ不問）を巻いて不燃ごみの日に出す。,ー,ー
油性ペン,燃やすごみ,,毎週火・金曜日,毎週月・木曜日
湯たんぽ（金属製）,家庭金物,,集団資源回収日,集団資源回収日
湯沸し器,粗大ごみ,,戸別回収,戸別回収
品名,種別,留意点等,北・東地区,南・西地区
ヨーグルトのフタ,燃やすごみ,,毎週火・金曜日,毎週月・木曜日
ヨーグルトのカップ（紙製）,燃やすごみ,,毎週火・金曜日,毎週月・木曜日
浴槽（バスタブ）,収集不可,ページ下部「市では収集・処理できないもの」をご参照ください。,ー,ー
よしず,粗大ごみ,50センチメートル未満に切断して指定ごみ袋に入れ口を結ぶことができれば燃やすごみ。,戸別回収,戸別回収
品名,種別,留意点等,北・東地区,南・西地区
ライター,危険有害ごみ,中身を使い切る。,第2・第4月曜日,第2・第4火曜日
ライティングデスク,大型粗大ごみ,,戸別回収,戸別回収
ラケット（卓球）,燃やすごみ,,毎週火・金曜日,毎週月・木曜日
ラケット（テニス・バドミントン）,指定品目,5本まで指定ごみ袋（大きさ不問）を巻いて不燃ごみの日に出す。,ー,ー
ラジオ・ラジカセ,小型家電,50センチメートル以上は粗大ごみ。なるべく小型家電専用回収ボックスへ。,第2・第4月曜日,第2・第4火曜日
ラップ（生鮮食品や弁当等の商品の包装）,容器包装プラスチック,容器包装プラスチックマークの表示がなくても容器包装プラスチックで出せる。,毎週水曜日,毎週水曜日
ラップ（家庭で保存等のために使用したもの）,燃やすごみ,,毎週火・金曜日,毎週月・木曜日
ラップケースの刃（紙製）,燃やすごみ,,毎週火・金曜日,毎週月・木曜日
ラップケースの刃（金属製）,不燃ごみ,紙に包み指定ごみ袋に入れ「キケン」と表示する。,毎週木曜日,毎週金曜日
ラティス（ウッドフェンス）,粗大ごみ,1メートル以上2メートル以内は大型粗大ごみ。,戸別回収,戸別回収
ランドセル,燃やすごみ,,毎週火・金曜日,毎週月・木曜日
ランニングマシーン,大型粗大ごみ,1メートル未満は粗大ごみ。,戸別回収,戸別回収
品名,種別,留意点等,北・東地区,南・西地区
リース（木製）,燃やすごみ,50センチメートル以上は粗大ごみ。,毎週火・金曜日,毎週月・木曜日
リヤカー,大型粗大ごみ,1メートル未満は粗大ごみ。,戸別回収,戸別回収
品名,種別,留意点等,北・東地区,南・西地区
ルアー,不燃ごみ,紙に包み指定ごみ袋に入れ「キケン」と表示する。,毎週木曜日,毎週金曜日
ルーフキャリア（棒状・はしご型）,粗大ごみ,ボックス型は収集不可。,戸別回収,戸別回収
ルームランナー,粗大ごみ,1メートル以上は大型粗大ごみ。,戸別回収,戸別回収
品名,種別,留意点等,北・東地区,南・西地区
冷蔵庫,家電4品目,ページ下部「市では収集・処理できないもの」をご参照ください。,ー,ー
冷凍庫,家電4品目,ページ下部「市では収集・処理できないもの」をご参照ください。,ー,ー
冷風機,小型家電,冷媒を使用していないもの。50センチメートル以上は粗大ごみ。,第2・第4月曜日,第2・第4火曜日
レインコート,燃やすごみ,,毎週火・金曜日,毎週月・木曜日
レコード（EP・LP・SP）,燃やすごみ,なるべく拠点回収へ。,毎週火・金曜日,毎週月・木曜日
レシート（感熱紙）,燃やすごみ,普通紙ならミックスペーパー。,毎週火・金曜日,毎週月・木曜日
レジ袋,容器包装プラスチック,,毎週水曜日,毎週水曜日
レジャーシート,粗大ごみ,1メートル未満に切断し指定ごみ袋に入れて口を結べれば燃やすごみ。,戸別回収,戸別回収
レジャー用イス,不燃ごみ,50センチメートル以上は粗大ごみ。,毎週木曜日,毎週金曜日
レジャー用テーブル,粗大ごみ,1メートル以上は大型粗大ごみ。,戸別回収,戸別回収
レターケース（金属製）,家庭金物,,集団資源回収日,集団資源回収日
レトルトパック,容器包装プラスチック,容器包装プラスチックマークを確認する。汚れを落とす。汚れが落ちなければ燃やすごみ。,毎週水曜日,毎週水曜日
レンガ,収集不可,ページ下部「市では収集・処理できないもの」をご参照ください。,ー,ー
レンジ台,粗大ごみ,1メートル以上は大型粗大ごみ。,戸別回収,戸別回収
レンジフードファン,粗大ごみ,,戸別回収,戸別回収
品名,種別,留意点等,北・東地区,南・西地区
ロープ,燃やすごみ,1メートル未満に切断し指定ごみ袋に入れて口を結べれば燃やすごみ。,毎週火・金曜日,毎週月・木曜日
ローラーブレード・ローラーシューズ・ローラースケート,不燃ごみ,,毎週木曜日,毎週金曜日
ロッカー（金属製）,家庭金物,50センチメートル以上は粗大ごみ。,集団資源回収日,集団資源回収日
ロッキングチェア,大型粗大ごみ,,戸別回収,戸別回収
ロデオマシーン（乗馬型健康器具）,粗大ごみ,1メートル以上は大型粗大ごみ。,戸別回収,戸別回収
ロボットクリーナー,小型家電,,第2・第4月曜日,第2・第4火曜日
品名,種別,留意点等,北・東地区,南・西地区
ワープロ,小型家電,50センチメートル以上は粗大ごみ。,第2・第4月曜日,第2・第4火曜日
ワイシャツ,布類,,集団資源回収日,集団資源回収日
ワイヤー（金属製）,家庭金物,,集団資源回収日,集団資源回収日
ワインセラー,家電4品目,ページ下部「市では収集・処理できないもの」をご参照ください。,ー,ー
輪ゴム,燃やすごみ,,毎週火・金曜日,毎週月・木曜日
ワゴン（配膳・作業用）,粗大ごみ,50センチメートル未満の金属製は家庭金物。1メートル以上は大型粗大ごみ。,戸別回収,戸別回収
綿・綿入りのもの,燃やすごみ,,毎週火・金曜日,毎週月・木曜日
燃やすごみ,毎週火・金曜日,毎週月・木曜日,ー,ー
不燃ごみ・ペットボトル,毎週木曜日,毎週金曜日,ー,ー
容器包装プラスチック,毎週水曜日,毎週水曜日,ー,ー
あきびん,第2・第4水曜日,第1・第3水曜日,ー,ー
草・葉・植木ごみ,第1・第3・第5月曜日,第1・第3・第5火曜日,ー,ー
危険有害ごみ・小型家電,第2・第4月曜日,第2・第4火曜日,ー,ー
燃やすごみ,毎週火・金曜日,毎週月・木曜日,ー,ー
不燃ごみ・ペットボトル,毎週木曜日,毎週金曜日,ー,ー
容器包装プラスチック,毎週水曜日,毎週水曜日,ー,ー
あきびん,第2・第4水曜日,第1・第3水曜日,ー,ー
草・葉・植木ごみ,第1・第3・第5月曜日,第1・第3・第5火曜日,ー,ー
危険有害ごみ・小型家電,第2・第4月曜日,第2・第4火曜日,ー,ー
分別ごみ,中間処理,資源化内訳,ー,ー
燃やすごみ,焼却→焼却灰,路盤材など,ー,ー
不燃ごみ,破砕・選別,鉄類→建築用鋼材など,ー,ー
危険有害ごみ（カセットボンベ・スプレー缶）,選別・圧縮,アルミ→アルミ缶・アルミ製品など＊ボーキサイトからアルミを作る場合に比べ97％のエネルギー削減スチール→スチール缶等の鋼板・建築用鋼材など＊鉄鉱石から鉄を作る場合に比べ75％のエネルギー削減,ー,ー
危険有害ごみ（蛍光管）,委託,ガラス、アルミ、鉄、水銀、蛍光粉など,ー,ー
危険有害ごみ（乾電池）,委託,鉄、マンガン、亜鉛など,ー,ー
ペットボトル,選別・圧縮,繊維、シート、ボトル、成型品など,ー,ー
容器包装プラスチック,選別・圧縮,パレット、再生樹脂、土木建築資材、高炉還元剤など,ー,ー
びん類,委託,ガラスびん、ガラス短繊維、舗装用骨材など,ー,ー
草・葉・植木ごみ,粉砕,堆肥、チップ,ー,ー
草・葉・植木ごみ,委託,堆肥、燃料など,ー,ー
小型家電,委託,鉄、銅、金、銀、レアメタル（希少金属）など,ー,ー
新聞,集団資源回収,新聞紙、週刊誌、印刷用紙など,ー,ー
雑誌,集団資源回収,雑誌、段ボール箱など,ー,ー
段ボール,集団資源回収,段ボール箱、紙筒など,ー,ー
飲料用紙パック,集団資源回収,トイレットペーパー、ティッシュペーパーなど,ー,ー
ミックスペーパー,集団資源回収,お菓子の箱、絵本、トイレットペーパーなど,ー,ー
布類,集団資源回収,軍手、ウエス、フェルトなど,ー,ー
アルミ缶,集団資源回収,アルミ缶、自動車部品など,ー,ー
スチール缶,集団資源回収,スチール缶、建築用鋼材、自動車部品など,ー,ー
家庭金物,集団資源回収,建築用鋼材など,ー,ー
粗大ごみ,破砕・選別,鉄類→建築用鋼材など,ー,ー
廃食用油,委託,バイオディーゼル燃料、工業製品原料など,ー,ー
CD・カセットテープ,委託,プラスチック原料など,ー,ー
