品名,種別,留意点等
アーチェリー（一式）,粗大ごみ,
IHコンロ（クッキングヒーター）,小型家電,50センチメートル以上は粗大ごみ。
アイスクリームのカップ・フタ（紙製）,燃やすごみ,
アイスピック,不燃ごみ,紙に包み指定ごみ袋にいれ「キケン」と表示する。
アイロン,小型家電,
アイロン台,粗大ごみ,
アイロンプリント紙,燃やすごみ,
アクセサリー（革製・木製）,燃やすごみ,
アクセサリー（金属製）,不燃ごみ,
アコーディオンカーテン,粗大ごみ,1メートル以上は大型粗大ごみ。
アタッシュケース,不燃ごみ,50センチメートル以上は粗大ごみ。
（電源）アダプター,小型家電,なるべく小型家電専用回収ボックスへ。
厚紙,ミックスペーパー,
圧着はがき,燃やすごみ,
圧力鍋,家庭金物,
穴あけパンチ,家庭金物,金属以外の部品は外す。
油（食用）,燃やすごみ,拠点回収へ。燃やすごみへ出す場合は布や紙に染み込ませるか、固める。
油紙,燃やすごみ,
油の缶（機械用オイルなどの油脂缶）,不燃ごみ,中身は布や紙に染み込ませるか、固めて燃やすごみ。
油の缶（食用油缶）,スチール缶,中身は拠点回収へ。燃やすごみへ出す場合は布や紙に染み込ませるか、固める。
雨合羽,燃やすごみ,
雨戸（開き戸など）,粗大ごみ,50センチメートル未満の金属製は家庭金物。1メートル以上2メートル以内は大型粗大ごみ。
雨とい（金属製）,不燃ごみ,50センチメートル以上は粗大ごみ。1メートル以上2メートル以内は大型粗大ごみ。
雨とい（プラスチック製）,燃やすごみ,50センチメートル以上は粗大ごみ。1メートル以上2メートル以内は大型粗大ごみ。
編み機,粗大ごみ,1メートル以上は大型粗大ごみ。
網戸（金属製の枠）,粗大ごみ,網を外す。外した網は燃やすごみ。50センチメートル未満は家庭金物。1メートル以上は大型粗大ごみ。
あらい桶（金属製）,家庭金物,50センチメートル以上は粗大ごみ。
アルミ缶,アルミ缶,中身を空にして汚れを落とす。落ちなければ不燃ごみ。
アルミサッシ,不燃ごみ,50センチメートル以上は粗大ごみ。1メートル以上2メートル以内は大型粗大ごみ。
アルミ製の油よけ,不燃ごみ,
アルミホイル（アルミ箔）,燃やすごみ,
アンテナ（テレビ・ラジオ・無線）,粗大ごみ,50センチメートル未満の金属製は家庭金物。1メートル以上は大型粗大ごみ。
アンプ（オーディオ・ギター）,小型家電,50センチメートル以上は粗大ごみ。
品名,種別,留意点等
囲碁板,不燃ごみ,50センチメートル以上は粗大ごみ。
石,収集不可,ページ下部「市では収集・処理できないもの」をご参照ください。
衣装ケース（プラスチック製）,粗大ごみ,
衣装ケース（金属製）,家庭金物,50センチメートル以上は粗大ごみ。
いす（座椅子など）,粗大ごみ,
板（木製・合板・アクリル製）,燃やすごみ,50センチメートル以上は粗大ごみ。1メートル以上2メートル以内は大型粗大ごみ。
板ガラス,不燃ごみ,50センチメートル以上は粗大ごみ。1メートル以上2メートル以内は大型粗大ごみ。
一輪車,粗大ごみ,
一升びん,あきびん,販売店に返却する。中身を空にして汚れを落とす。拠点回収にも出せる。
一升びんのフタ,燃やすごみ,
一斗缶（食用油）,家庭金物,中身は拠点回収へ。燃やすごみへ出す場合は布や紙に染み込ませるか、固める。※事業系廃棄物はステーションには出せません。
一斗缶（ペンキ缶など）,不燃ごみ,中身を出す。※事業系廃棄物はステーションには出せません。
井戸用ポンプ（手押しポンプのみ）,粗大ごみ,電動ポンプは収集不可。
衣類,布類,
衣類（羽毛・革製・綿入り）,燃やすごみ,
衣類乾燥機,家電4品目,ページ下部「市では収集・処理できないもの」をご参照ください。
入れ歯,燃やすごみ,
印画紙,燃やすごみ,
インクカートリッジ（家庭のパソコンプリンター用）,燃やすごみ,なるべく拠点回収へ。
飲料用紙パック,飲料用紙パック,内側が銀色など紙パックマークのないものは燃やすごみ。
品名,種別,留意点等
ウインドサーフィンのセイル,粗大ごみ,1メートル未満に切断し指定ごみ袋に入れて口を結べれば燃やすごみ。
ウインドサーフィンのブーム、ボード、マスト,収集不可,ページ下部「市では収集・処理できないもの」をご参照ください。
ウインドファン（窓付け）,粗大ごみ,冷媒を使用していないもの。
ウインドブレーカー,燃やすごみ,
ウェイクボード,粗大ごみ,
植木枝（直径15センチメートル未満）,草・葉・植木,長さ1メートル以内にして束ねる。1度に3束まで。
植木枝（直径15センチメートル以上20センチメートル未満）,草・葉・植木,長さ80センチメートル以内にして束ねる。1度に3束まで。
植木枝（20センチメートル以上30センチメートル未満）,草・葉・植木,長さ30センチメートル以内にして束ねる。1度に3束まで。
植木枝（直径30センチメートル以上）,粗大ごみ,
植木鉢（黒いビニール製）,容器包装プラスチック,容器包装プラスチックのマークを確認する。汚れを落とす。汚れが落ちなければ燃やすごみ。
植木鉢（素焼き・陶器製）,不燃ごみ,50センチメートル以上は粗大ごみ
植木鉢（プラスチック製）,燃やすごみ,50センチメートル以上は粗大ごみ
ウエットスーツ,粗大ごみ,1メートル未満に切断し指定ごみ袋に入れて口を結べれば燃やすごみ。
ウォーターサーバー,収集不可,ページ下部「市では収集・処理できないもの」をご参照ください。
ウォーターサーバーボトル,燃やすごみ,
ウォールオーニング,粗大ごみ,解体済のものに限る。
臼（うす）,収集不可,ページ下部「市では収集・処理できないもの」をご参照ください。
内釜（炊飯器）,家庭金物,
腕時計（機械式）,不燃ごみ,
腕時計（電池式）,小型家電,なるべく小型家電回収ボックスへ。
品名,種別,留意点等
エアーマット,粗大ごみ,1メートル未満に切断し指定ごみ袋に入れて口を結べれば燃やすごみ。
エアコン（室内機・室外機）,家電4品目,ページ下部「市では収集・処理できないもの」をご参照ください。
映写機,小型家電,50センチメートル以上は粗大ごみ。
衛生用品,燃やすごみ,
ACアダプター,小型家電,なるべく小型家電専用回収ボックスへ。
絵の具のチューブ（金属製）,不燃ごみ,
絵の具のチューブ（プラスチック製）,燃やすごみ,
エフェクター,小型家電,
MD（ミニディスク）,燃やすごみ,なるべく拠点回収へ。
LED電球,不燃ごみ,
LEDライト,小型家電,電球は外す。なるべく小型家電専用回収ボックスへ。
エレクトーン（電子オルガン）,大型粗大ごみ,
園芸用支柱,指定品目,5本まで指定ごみ袋（大きさ不問）を巻いて不燃ごみの日に出す。
園芸用農薬,収集不可,ページ下部「市では収集・処理できないもの」をご参照ください。
エンジンオイル（廃油）,収集不可,ページ下部「市では収集・処理できないもの」をご参照ください。
品名,種別,留意点等
オイルヒーター（ジャバラ式）,粗大ごみ,オイルを抜き取るため50センチメートル未満でも粗大ごみ。
応接用椅子（1人用）,粗大ごみ,1メートル以上は大型粗大ごみ。
応接用椅子（2人以上用のもの）,大型粗大ごみ,
オーディオ機器,小型家電,50センチメートル以上は粗大ごみ。
オーディオラック,粗大ごみ,1メートル以上は大型粗大ごみ。
オートバイ,収集不可,ページ下部「市では収集・処理できないもの」をご参照ください。
オーブントースター,小型家電,
オーブンレンジ,小型家電,50センチメートル以上は粗大ごみ。
押入れタンス,粗大ごみ,1メートル以上は大型粗大ごみ。
落葉,草・葉・植木,1度に3袋まで。
オットマン（足置き台）,粗大ごみ,50センチメートル未満は不燃ごみ。
斧,不燃ごみ,紙に包み指定ごみ袋に入れ「キケン」と表示する。
おもちゃ（金属製）,家庭金物,
おもちゃ（プラスチック製）,燃やすごみ,
おもり（金属製）,不燃ごみ,50センチメートル以上は粗大ごみ。
おもり（プラスチック製）,燃やすごみ,50センチメートル以上は粗大ごみ。
おりがみ,ミックスペーパー,
折り込み広告,新聞,新聞と一緒に束ねて出す。
折りたたみイス,粗大ごみ,50センチメートル未満は不燃ごみ。
折りたたみテーブル,粗大ごみ,1メートル以上は大型粗大ごみ。
折りたたみベッド,大型粗大ごみ,電動式は収集不可。
オルガン,大型粗大ごみ,1メートル未満は粗大ごみ。
オルゴール,不燃ごみ,
温室（小、フレームのみ）,粗大ごみ,1メートル以上は大型粗大ごみ。
温水洗浄便座,小型家電,50センチメートル以上は粗大ごみ。
温度計,不燃ごみ,
温度計（水銀式）,危険有害ごみ,なるべく拠点回収へ。
品名,種別,留意点等
カーテン,粗大ごみ,1メートル未満に切断し指定ごみ袋に入れて口を結べれば燃やすごみ。
カーテンレール,粗大ごみ,50センチメートル未満の金属製は家庭金物。
カーナビ・カーテレビ,小型家電,なるべく小型家電専用回収ボックスへ。
カーペット（ホットカーペット）,粗大ごみ,1メートル未満に切断して、指定ごみ袋に入れて口が結べれば燃やすごみ。
カーペットローラー,燃やすごみ,柄が金属のものは不燃ごみ。
カーペットローラー（指定ごみ袋に入らないもの）,指定品目,5本まで指定ごみ袋（大きさ不問）を巻いて不燃ごみの日に出す。
カーポート,大型粗大ごみ,解体済のものに限る。
カーボン紙,燃やすごみ,
貝殻,燃やすごみ,
カイロ（充電式）,小型家電,
カイロ（使い捨て）,燃やすごみ,
化学薬品,収集不可,ページ下部「市では収集・処理できないもの」をご参照ください。
鏡,不燃ごみ,紙に包み指定ごみ袋に入れ「キケン」と表示する。50センチメートル以上は粗大ごみ（2メートル以内に限る）。
鍵（金属製）,家庭金物,
角ハンガー（金属製）,家庭金物,
角ハンガー（プラスチック製）,燃やすごみ,
額縁,不燃ごみ,金属製は家庭金物。50センチメートル以上は粗大ごみ。
かご（金属製）,家庭金物,50センチメートル以上は粗大ごみ。
かご（木製・プラスチック製）,燃やすごみ,
傘（骨組が金属製以外のもの）,指定品目,5本まで指定ごみ袋（大きさ不問）を巻いて不燃ごみの日に出す。
傘（骨組が金属製のもの）,家庭金物,傘布・ビニールは外す。外せない場合は、5本まで指定ごみ袋（大きさ不問）を巻いて不燃ごみの日に出す。
加湿器,小型家電,50センチメートル以上は粗大ごみ。
菓子の缶（金属製のフタを含む）,スチール缶,中身を空にして汚れを落とす。
菓子の箱（紙製）,ミックスペーパー,においや汚れが付いているものは燃やすごみ。
菓子の袋（プラスチック製）,容器包装プラスチック,容器包装プラスチックのマークを確認する。汚れを落とす。汚れが落ちなければ燃やすごみ。
ガステーブル,粗大ごみ,
ガスボンベ（プロパン）,収集不可,ページ下部「市では収集・処理できないもの」をご参照ください。
カセットガスボンベ（フタ）,容器包装プラスチック,容器包装プラスチックのマークを確認する。
カセットガスボンベ（本体）,危険有害ごみ,中身を空にして安全な場所で安全な道具で穴を開ける。
カセット式ガスコンロ（卓上コンロ）,家庭金物,カセットボンベは危険有害ごみ。
カセットテープ,燃やすごみ,なるべく拠点回収へ。
ガソリン携行缶,不燃ごみ,50センチメートル以上は粗大ごみ。
カタログ,雑誌,
カッターの刃,不燃ごみ,紙に包み指定ごみ袋に入れ「キケン」と表示する。
カップ（金属製）,家庭金物,
カップめんのフタ,燃やすごみ,
カップめんの容器（紙製）,燃やすごみ,
カップめんの容器（プラスチック製）,容器包装プラスチック,容器包装プラスチックのマークを確認する。汚れを落とす。汚れが落ちなければ燃やすごみ。
かなづち,不燃ごみ,
カバン（革・布・ビニール製など）,燃やすごみ,
カバンの詰め物,燃やすごみ,
画びょう,不燃ごみ,紙に包み指定ほみ袋に入れ「キケン」と表示する。
花瓶（金属製）,家庭金物,50センチメートル以上は粗大ごみ。
花瓶（せともの製・ガラス製）,不燃ごみ,50センチメートル以上は粗大ごみ。
壁紙,燃やすごみ,1メートル未満に切断して、指定ごみ袋に入れて口が結べれば燃やすごみ。※事業系廃棄物はステーションには出せません。
カマ（草刈用）,不燃ごみ,紙に包み指定ごみ袋に入れ「キケン」と表示する。
紙おむつ,燃やすごみ,汚物はトイレに流す。紙おむつ（ペット用を除く）のみを分ければ無料で出せる。
紙コップ,燃やすごみ,
紙皿,燃やすごみ,
カミソリ（鉄製の使い捨て）,不燃ごみ,紙に包み指定ごみ袋に入れ「キケン」と表示する。
カミソリ（プラスチック製の使い捨て）,燃やすごみ,紙に包み指定ごみ袋に入れ「キケン」と表示する。
カミソリの刃,不燃ごみ,紙に包み指定ごみ袋に入れ「キケン」と表示する。
神棚,粗大ごみ,1メートル以上は大型粗大ごみ。
紙粘土,燃やすごみ,
紙パック（牛乳・ジュースなどの内側が白いもの）,飲料用紙パック,内側が銀色など紙パックマークのないものは燃やすごみ。
紙袋,ミックスペーパー,ミックスペーパーを出す際の袋としても使用可。
紙やすり,燃やすごみ,
カメラ,小型家電,使い捨てカメラは燃やすごみ。なるべく小型家電専用回収ボックスへ。
画用紙,ミックスペーパー,クレヨン、油性ペンで書いたものは燃やすごみ。
カラーボックス,粗大ごみ,
カラオケ演奏装置,小型家電,50センチメートル以上は粗大ごみ。
ガラス,不燃ごみ,紙に包み指定ごみ袋にいれ「キケン」と表示する。指定ごみ袋に入らない場合は粗大ごみ（2メートル以内に限る）。
ガラスクリーナー（スプレー缶）,危険有害ごみ,中身を空にして安全な場所で安全な道具で穴を開ける。
ガラス製品（コップ・食器等）,不燃ごみ,割れたものは紙に包み指定ごみ袋に入れ「キケン」と表示する。
刈り込みばさみ,不燃ごみ,紙に包み指定ごみ袋に入れ「キケン」と表示する。
軽石,不燃ごみ,
枯葉,草・葉・植木,1度に3袋まで。
カレンダー,ミックスペーパー,金属部分は不燃ごみ。
革製品,燃やすごみ,
瓦,収集不可,ページ下部「市では収集・処理できないもの」をご参照ください。
缶（飲食用）※アルミ製,アルミ缶,中身を空にして汚れを落とす。汚れているものは不燃ごみ。
缶（飲食用）※スチール製,スチール缶,中身を空にして汚れを落とす。汚れているものは不燃ごみ。
缶（飲食用以外）,家庭金物,中身を空にして汚れを落とす。汚れているものは不燃ごみ。
換気扇（レンジフードファン）,不燃ごみ,50センチメートル以上は粗大ごみ。
缶切（金属製）,家庭金物,
緩衝材（発泡スチロールなど）,容器包装プラスチック,
乾燥剤,燃やすごみ,
乾電池（アルカリ・マンガン）,危険有害ごみ,拠点回収にも出せる。
感熱紙,燃やすごみ,
感熱性発泡紙,燃やすごみ,
品名,種別,留意点等
木（植木）（直径15センチメートル未満）,草・葉・植木,長さ1メートル以内にして束ねる。1度に3束まで。
木（植木）（直径15センチメートル以上20センチメートル未満）,草・葉・植木,長さ80センチメートル以内にして束ねる。1度に3束まで。
木（植木）（直径20センチメートル以上30センチメートル未満）,草・葉・植木,長さ30センチメートル以内にして束ねる。1度に3束まで。
木（植木）（直径30センチメートル以上）,粗大ごみ,
木（木材・木片）（直径3センチメートル未満）,燃やすごみ,長さ50センチメートル以内にして束ねる。1度に3束まで。
木（木材・木片）（直径3センチメートル以上15センチメートル未満）,不燃ごみ,長さ1メートル以内にして束ねる。1度に3束まで。
木（木材・木片）（直径15センチメートル以上20センチメートル未満）,不燃ごみ,長さ80センチメートル以内にして束ねる。1度に3束まで。
木（木材・木片）（直径20センチメートル以上30センチメートル未満）,不燃ごみ,長さ30センチメートル以内にして束ねる。1度に3束まで。
木（木材・木片）（直径30センチメートル以上）,粗大ごみ,
キーボード（楽器）,粗大ごみ,1メートル以上は大型粗大ごみ。
キーボード（パソコン）,小型家電,
キーホルダー（金属製）,不燃ごみ,
キーホルダー（プラスチック製・木製）,燃やすごみ,
ギター（ケースを含む）,粗大ごみ,1メートル以上は大型粗大ごみ。
キックボード・キックスケーター,粗大ごみ,電動式は収集不可。
キッチンストッカー,粗大ごみ,1メートル以上は大型粗大ごみ。
杵（きね）,粗大ごみ,1メートル以上は大型粗大ごみ。
着物（帯を含む）,布類,
脚立,粗大ごみ,1メートル以上は大型粗大ごみ。
キャップ（フタ）（金属製）,家庭金物,
キャップ（フタ）（プラスチック製）,容器包装プラスチック,容器包装プラスチックのマークのないものは燃やすごみ。
キャリーカート,不燃ごみ,50センチメートル以上は粗大ごみ。
キャリーバッグ,粗大ごみ,1メートル以上は大型粗大ごみ。
給湯器,粗大ごみ,1メートル以上は大型粗大ごみ。
牛乳パック（内側が白いもの）,飲料用紙パック,内側が銀色など紙パックマークのないものは燃やすごみ。
教科書（参考書）,雑誌,
鏡台（ドレッサー）,粗大ごみ,1メートル以上は大型粗大ごみ。
霧吹き,燃やすごみ,金属製は家庭金物。
キルト製品,燃やすごみ,
金庫（耐火）,収集不可,ページ下部「市では収集・処理できないもの」をご参照ください。
金庫（手提げ金庫）,家庭金物,
金属バット,指定品目,5本まで指定ごみ袋（大きさ不問）を巻いて不燃ごみの日に出す。
品名,種別,留意点等
空気入れ（自転車用）,不燃ごみ,手動ポンプ式で金属製は家庭金物。
空気清浄機,小型家電,50センチメートル以上は粗大ごみ。
クーラーボックス,粗大ごみ,50センチメートル未満は不燃ごみ。
くぎ,不燃ごみ,紙に包み指定ごみ袋に入れ「キケン」と表示する。
草,草・葉・植木,1度に3袋まで。
草刈り機,大型粗大ごみ,肩掛けエンジン式、電動式、手押し式も可。1メートル未満は粗大ごみ。
くさり,家庭金物,
串（金属製）,不燃ごみ,紙に包み指定ごみ袋に入れ「キケン」と表示する。
串（木製）,燃やすごみ,
薬のチューブ（金属製）,不燃ごみ,
薬のチューブ（プラスチック製）,燃やすごみ,
薬のチューブのフタ（プラスチック製）,容器包装プラスチック,容器包装プラスチックマークを確認する。中身を空にして汚れを落とす。汚れが落ちなければ燃やすごみ。
薬の袋・箱（紙製）,ミックスペーパー,
薬（錠剤）の容器（びん）,あきびん,中身を空にする。拠点回収にも出せる。
薬（錠剤）の容器（プラスチック製）,容器包装プラスチック,容器包装プラスチックマークを確認する。中身を空にして汚れを落とす。汚れが落ちなければ燃やすごみ。
薬（錠剤）の容器のフタ（金属製）,家庭金物,
薬（錠剤）の容器のふた（プラスチック製）,容器包装プラスチック,容器包装プラスチックマークを確認する。中身を空にして汚れを落とす。汚れが落ちなければ燃やすごみ。
口紅の容器（金属製）,不燃ごみ,
口紅の容器（プラスチック製）,燃やすごみ,
くつ（登山用・スパイク含む）,燃やすごみ,
靴下,燃やすごみ,
クッション,燃やすごみ,
靴の詰め物,燃やすごみ,
靴ベラ（金属製）,家庭金物,
クリーニング袋,燃やすごみ,
クリスマスツリー,燃やすごみ,50センチメートルを超えるものは粗大ごみ。
クリスマスリース,燃やすごみ,50センチメートルを超えるものは粗大ごみ。
クリップ,不燃ごみ,
車椅子,粗大ごみ,電動は収集不可。
車止め（パーキングブロック）（プラスチック製）,粗大ごみ,
グローブ（革製）,燃やすごみ,
軍手,燃やすごみ,
品名,種別,留意点等
蛍光管（蛍光灯）,危険有害ごみ,なるべく拠点回収へ。
携帯電話,小型家電,なるべく小型家電専用回収ボックスへ。
携帯用音楽プレーヤー,小型家電,なるべく小型家電専用回収ボックスへ。
毛糸,燃やすごみ,
計量器（はかり）,不燃ごみ,デジタル式は小型家電。50センチメートル以上は粗大ごみ。
ケージ（ペット用）,粗大ごみ,50センチメートル未満の金属製は家庭金物。
ゲートボールスティック,指定品目,5本まで指定ごみ袋（大きさ不問）を巻いて不燃ごみの日に出す。
ゲーム機（電気・電池で動作するもの）,小型家電,なるべく小型家電専用回収ボックスへ。
ゲーム機（電気・電池を使用しないもの）,燃やすごみ,
ゲームソフト,燃やすごみ,ディスク式はなるべく拠点回収へ。
毛皮,燃やすごみ,
化粧品のスプレー缶,危険有害ごみ,中身を空にして安全な場所で安全な道具で穴を開ける。
化粧品容器（びん）,あきびん,中身を空にして汚れを落とす。汚れが落ちなければ不燃ごみ。拠点回収にも出せる。
化粧品容器（プラスチック製）,容器包装プラスチック,容器包装プラスチックマークを確認する。中身を空にして汚れを落とす。汚れが落ちなければ燃やすごみ。
血圧計（電池式）,小型家電,電球は外す。なるべく小型家電専用回収ボックスへ。
血圧計（水銀式）,危険有害ごみ,50センチメートル以上は粗大ごみ。なるべく拠点回収へ。
剣山,不燃ごみ,紙に包み指定ごみ袋に入れ「キケン」と表示する。
建設廃材・建築廃材,収集不可,ページ下部「市では収集・処理できないもの」をご参照ください。
原動機付自転車,収集不可,ページ下部「市では収集・処理できないもの」をご参照ください。
剣道防具一式（面・胴・小手）,粗大ごみ,竹刀は指定品目。
鍵盤ハーモニカ,不燃ごみ,
品名,種別,留意点等
碁石,燃やすごみ,
鯉のぼり,燃やすごみ,1メートル未満に切断し指定ごみ袋に入れて口を結べれば燃やすごみ。
鯉のぼりのポール,不燃ごみ,50センチメートル以上は粗大ごみ。
高圧洗浄機,小型家電,50センチメートル以上は粗大ごみ。
工具箱（金属製）,家庭金物,50センチメートル以上は粗大ごみ。
工具類（電動式）,小型家電,50センチメートル以上は粗大ごみ。
工具類（非電動式）,不燃ごみ,金属製は家庭金物。50センチメートル以上は粗大ごみ。
合成皮革製品,燃やすごみ,
合成油,収集不可,ページ下部「市では収集・処理できないもの」をご参照ください。
紅茶の缶（金属製のフタを含む）,スチール缶,中身を空にして汚れを落とす。汚れているものは不燃ごみ。
鉱物油,収集不可,ページ下部「市では収集・処理できないもの」をご参照ください。
コードリール（電気コード用）,家庭金物,コードは外して小型家電。
コード類,小型家電,なるべく小型家電専用回収ボックスへ。
コーヒーメーカー,小型家電,
ござ,粗大ごみ,1メートル未満に切断し指定ごみ袋に入れて口を結べれば燃やすごみ。
こたつ（天板を含む）,粗大ごみ,
コップ（ガラス製）,不燃ごみ,
コップ（金属製）,家庭金物,
コップ（プラスチック製）,燃やすごみ,
琴,大型粗大ごみ,1メートル未満は粗大ごみ。
五徳,家庭金物,
子供用遊具（木製・プラスチック製）,燃やすごみ,50センチメートル以上は粗大ごみ。
粉ミルクの缶（金属製のふたを含む）,スチール缶,中身を空にして汚れを落とす。汚れているものは不燃ごみ。
ごみ箱（金属製）,家庭金物,50センチメートル以上は粗大ごみ。
ごみ箱（木製・プラスチック製）,燃やすごみ,50センチメートル以上は粗大ごみ。
ゴムホース,燃やすごみ,1メートル未満に切断して指定ごみ袋に入れ口を結んで出す。
ゴムボート（オールを含む）,粗大ごみ,1メートル以上は大型粗大ごみ。
ゴム類,燃やすごみ,
米びつ（ハイザー）精米機付き,粗大ごみ,
米袋（紙）,燃やすごみ,
米袋（ビニール）,容器包装プラスチック,容器包装プラスチックのマークを確認する。中身を空にして汚れを落とす。汚れが落ちなければ燃やすごみ。
ゴルフクラブ,指定品目,5本まで指定ごみ袋（大きさ不問）を巻いて不燃ごみの日に出す。
ゴルフセット（クラブ18本まで、バッグ、靴のセット）,大型粗大ごみ,1メートル未満は粗大ごみ。
ゴルフバッグ,粗大ごみ,
コンクリート製流し台,収集不可,ページ下部「市では収集・処理できないもの」をご参照ください。
コンクリート製品,収集不可,ページ下部「市では収集・処理できないもの」をご参照ください。
コンタクトレンズ,燃やすごみ,
コンパス,不燃ごみ,
コンプレッサー,収集不可,ページ下部「市では収集・処理できないもの」をご参照ください。
コンポスト（生ごみ処理容器）,粗大ごみ,中身を出す。1メートル以上は大型粗大ごみ。
品名,種別,留意点等
サーフボード,収集不可,ページ下部「市では収集・処理できないもの」をご参照ください。
座椅子,粗大ごみ,50センチメートル未満は不燃ごみ。
サイドボード,粗大ごみ,1メートル以上は大型粗大ごみ。
雑誌,雑誌,付録は外す。
座布団,燃やすごみ,
サマーベッド（ポンポンベッド）,粗大ごみ,
皿（紙・プラスチック製）,燃やすごみ,
皿（ガラス・陶磁器）,不燃ごみ,割れたものは紙に包み指定ごみ袋に入れ「キケン」と表示する。
ざる（金属製）,家庭金物,
ざる（プラスチック製）,燃やすごみ,
三脚,不燃ごみ,50センチメートル以上は粗大ごみ。
サンシェード（家庭用日除け）,燃やすごみ,50センチメートル以上は粗大ごみ。
三面鏡,粗大ごみ,50センチメートル未満は不燃ごみ。
三輪車,粗大ごみ,電動は収集不可。
品名,種別,留意点等
飼育ケース（金属製）,家庭金物,50センチメートル以上は粗大ごみ。
飼育ケース（プラスチック製）,燃やすごみ,50センチメートル以上は粗大ごみ。
シーツ,布類,
CD（コンパクトディスク）,燃やすごみ,なるべく拠点回収へ。
シート（ビニールシート・ブルーシート・レジャーシート）,燃やすごみ,1メートル未満に切断し指定ごみ袋に入れて口を結べれば燃やすごみ。
磁石,不燃ごみ,
辞書,雑誌,紙以外の表紙は外して燃やすごみ。
下着（使用済）,燃やすごみ,
下着（未使用）,布類,
七輪,不燃ごみ,
室内用物干し台,粗大ごみ,
ジッパー付保存袋,燃やすごみ,
自転車,大型粗大ごみ,1メートル未満は粗大ごみ。電動自転車は収集不可。
自動車部品,収集不可,ページ下部「市では収集・処理できないもの」をご参照ください。
竹刀,指定品目,5本まで指定ごみ袋（大きさ不問）を巻いて不燃ごみの日に出す。
芝刈り機,粗大ごみ,手動式、電動式、エンジン式可。
シャープペンシル（金属製）,不燃ごみ,
シャープペンシル（プラスチック製）,燃やすごみ,
ジャグ（大型水筒）,不燃ごみ,50センチメートル以上は粗大ごみ。
車載用冷温蔵庫,粗大ごみ,
写真,燃やすごみ,
写真プリント紙,燃やすごみ,
ジャッキ（パンタグラフ型）,家庭金物,50センチメートル以上は粗大ごみ。
ジャッキ（油圧式）,粗大ごみ,
シャベル（金属製）,家庭金物,
シャベル（プラスチック製）,燃やすごみ,
シャンプーの容器,容器包装プラスチック,容器包装プラスチックのマークを確認する。中身を空にして汚れを落とす。汚れが落ちなければ燃やすごみ。
ジューサーミキサー,小型家電,
じゅうたん,粗大ごみ,1メートル未満に切断し指定ごみ袋に入れて口を結べれば燃やすごみ。
充電器,小型家電,なるべく小型家電専用回収ボックスへ。
充電式電池,拠点回収,
収納家具,粗大ごみ,1メートル以上は大型粗大ごみ。
ジュラルミンケース,不燃ごみ,50センチメートル以上は粗大ごみ。
シュレッダー（手動式）,不燃ごみ,50センチメートル以上は粗大ごみ。
シュレッダー（電動式）,小型家電,50センチメートル以上は粗大ごみ。
シュレッダーされた紙,ミックスペーパー,紙袋に入れてホチキスで封をする。または新聞紙にくるみ周囲をホチキスで留めて出す。
瞬間湯沸かし器,粗大ごみ,
消火器,収集不可,ページ下部「市では収集・処理できないもの」をご参照ください。
消火器（エアゾール式）,危険有害ごみ,中身を空にして安全な場所で安全な道具で穴を開ける。
正月飾り,燃やすごみ,50センチメートル以上は粗大ごみ。
昇華転写紙,燃やすごみ,
定規（金属製）,家庭金物,
定規（プラスチック製）,燃やすごみ,
将棋の駒,燃やすごみ,
将棋盤,不燃ごみ,50センチメートル以上は粗大ごみ。
浄水器,不燃ごみ,50センチメートル以上は粗大ごみ。
消毒器,不燃ごみ,50センチメートル以上は粗大ごみ。
錠前（金属製）,家庭金物,
照明器具,小型家電,50センチメートル以上は粗大ごみ。蛍光管、白熱電球、LED電球は外す。
じょうろ（金属製）,家庭金物,
じょうろ（プラスチック製）,燃やすごみ,
食用油の缶（植物油・動物油）,燃やすごみ,拠点回収へ。燃やすごみへ出す場合は布や紙へ染み込ませるか固める。
食用油の缶（金属製のフタを含む）,スチール缶,中身は拠点回収へ。燃やすごみへ出す場合は布や紙へしみこませるか固める。
除湿器,粗大ごみ,冷媒ガスを抜き取るため50センチメートル未満でも粗大ごみ。
食器（ガラス製・陶磁器）,不燃ごみ,割れたものは紙に包み指定ごみ袋に入れ「キケン」と表示する。
食器（金属製）,家庭金物,
食器（プラスチック製）,燃やすごみ,
食器洗い乾燥機,小型家電,50センチメートル以上は粗大ごみ。
食器棚,粗大ごみ,1メートル以上は大型粗大ごみ。
ショッピングカート,粗大ごみ,50センチメートル未満の金属製は家庭金物。
シリコン製品,燃やすごみ,
芯（ラップやトイレットペーパー）,ミックスペーパー,つぶして紙袋に入れて出す。
人工大理石製品,収集不可,ページ下部「市では収集・処理できないもの」をご参照ください。
シンセサイザー,粗大ごみ,
新聞紙,新聞,
品名,種別,留意点等
水槽（ポンプはセットでも可）,不燃ごみ,50センチメートル以上は粗大ごみ。
水筒（金属製）,家庭金物,
炊飯器・炊飯ジャー,小型家電,内釜は家庭金物。
スーツケース,粗大ごみ,
姿見（スタンドミラー）,粗大ごみ,1メートル以上は大型粗大ごみ。
スキーウエア,燃やすごみ,
スキーキャリア（棒状）,粗大ごみ,ボックス型は収集不可。
スキー靴,不燃ごみ,
スキーセット（板・ストック・靴のセット）,大型粗大ごみ,1メートル未満は粗大ごみ。
スキューバ用ウェイト（重り10キログラムまで）,粗大ごみ,ベルトセットも可。
スキューバ用空気ボンベ,収集不可,ページ下部「市では収集・処理できないもの」をご参照ください。
スキューバ用ジャケット、レギュレーター、水深計,不燃ごみ,
スクーター,収集不可,ページ下部「市では収集・処理できないもの」をご参照ください。
スクリーンカーテン,粗大ごみ,1メートル未満に切断して指定ごみ袋に入れ口を結ぶことができれば燃やすごみ。
スケートボード,不燃ごみ,
スコップ,指定品目,5本まで指定ごみ袋（大きさ不問）を巻いて不燃ごみの日に出す。50センチメートル未満の金属製は家庭金物。
すずり,不燃ごみ,
すだれ,粗大ごみ,50センチメートル未満に切断して指定ごみ袋に入れ口を結ぶことができれば燃やすごみ。
スタンプ台（金属製）,不燃ごみ,
スタンプ台（プラスチック製）,燃やすごみ,
スチール缶（飲料、食料品）,スチール缶,中身を空にして汚れを落とす。汚れているものは不燃ごみ。
スチールたわし,不燃ごみ,
スチールロッカー,粗大ごみ,1メートル以上は大型粗大ごみ。
スティック（ゲートボール）,指定品目,5本まで指定ごみ袋（大きさ不問）を巻いて不燃ごみの日に出す。
ステッキ,指定品目,5本まで指定ごみ袋（大きさ不問）を巻いて不燃ごみの日に出す。
ステレオセット（スピーカーの高さが50センチメートル未満のもの）,粗大ごみ,
ステレオセット（スピーカーの高さが50センチメートル以上のもの）,大型粗大ごみ,
ストーブ類（石油・ガス・電気）,粗大ごみ,50センチメートル未満の電気ストーブは小型家電。灯油は抜く。50センチメートル未満の石油ストーブ、ガスストーブは不燃ごみ。
ストッキング,燃やすごみ,
ストロー,燃やすごみ,
砂（土・石）,収集不可,ページ下部「市では収集・処理できないもの」をご参照ください。
スノーボード,大型粗大ごみ,1メートル未満は粗大ごみ。
すのこ,粗大ごみ,1メートル以上2メートル以内は大型粗大ごみ。
スピーカー（2個1セット）,不燃ごみ,50センチメートル以上は粗大ごみ。
スプーン,燃やすごみ,金属製は家庭金物。
スプリングマットレス,大型粗大ごみ,
スプレー缶,危険有害ごみ,中身を空にして安全な場所で安全な道具で穴を開ける。
スポンジ,燃やすごみ,
ズボンプレッサー,小型家電,50センチメートル以上は粗大ごみ。
炭,燃やすごみ,
スライドチャック式ビニール保存袋,燃やすごみ,
すりガラスのびん,あきびん,拠点回収にも出せる。
スリッパ,燃やすごみ,
スロープ（ゴム・プラスチック・鉄製）,不燃ごみ,50センチメートル以上は粗大ごみ。
品名,種別,留意点等
精米機（家庭用）,粗大ごみ,50センチメートル未満は小型家電。
生理用品,燃やすごみ,
セーター,布類,
石油タンク（屋外用）,収集不可,ページ下部「市では収集・処理できないもの」をご参照ください。
石油類,収集不可,ページ下部「市では収集・処理できないもの」をご参照ください。
石鹸の箱,燃やすごみ,においがついているため。
石膏像,不燃ごみ,50センチメートル以上は粗大ごみ。
石膏ボード,収集不可,ページ下部「市では収集・処理できないもの」をご参照ください。
接着剤のチューブ（金属製）,不燃ごみ,
接着剤のチューブ（プラスチック製）,燃やすごみ,
せともの（陶磁器）,不燃ごみ,
セロハンテープの刃,不燃ごみ,
線香の箱,燃やすごみ,においがついているため。
洗剤の箱,燃やすごみ,においがついているため。
洗濯かご,燃やすごみ,50センチメートル以上は粗大ごみ。
洗濯機,家電4品目,ページ下部「市では収集・処理できないもの」をご参照ください。
栓抜き（金属製）,家庭金物,
扇風機（サーキュレーター含む）,粗大ごみ,50センチメートル未満は小型家電。
洗面器（プラスチック製）,燃やすごみ,金属製は家庭金物。
洗面化粧台,収集不可,ページ下部「市では収集・処理できないもの」をご参照ください。
品名,種別,留意点等
掃除機（キャニスター型、スティック型、ロボット型）,小型家電,キャニスター型の掃除機については、本体の長さが50センチメートル未満であれば、ノズル、ホース、筒等の部品の長さが50センチメートル以上であっても、すべてを45リットル以下の透明または半透明の袋に入れていただければ、小型家電として出すことができます。また、スティック型やロボット型については、一辺の長さが50センチメートル未満は小型家電として出すことができます。50センチメートル以上1メートル未満は粗大ごみ、1メートル以上は大型粗大ごみとなります。
ソーラーパネル,収集不可,ページ下部「市では収集・処理できないもの」をご参照ください。
ソファー（1メートル以上）,大型粗大ごみ,1メートル未満は粗大ごみ。
ソファーベッド,大型粗大ごみ,電動式は収集不可。
ソリ（プラスチック製）,燃やすごみ,50センチメートル以上は粗大ごみ。
品名,種別,留意点等
タープ（アウトドア用）,粗大ごみ,
体温計（水銀式）,危険有害ごみ,拠点回収にも出せる。
体温計（電池式）,小型家電,電池は外す。なるべく小型家電専用回収ボックスへ。
台車,粗大ごみ,
体重計（電池式）,小型家電,電池は外す。50センチメートル以上は粗大ごみ。
体重計（電池を使用していないもの）,家庭金物,50センチメートル以上は粗大ごみ。
タイプライター,不燃ごみ,
タイヤ,収集不可,ページ下部「市では収集・処理できないもの」をご参照ください。
タイヤチェーン（金属製）,家庭金物,
タイヤチェーン（ゴム製）,燃やすごみ,
太陽光モジュール,収集不可,ページ下部「市では収集・処理できないもの」をご参照ください。
タイル,収集不可,ページ下部「市では収集・処理できないもの」をご参照ください。
ダウンジャケット,燃やすごみ,
タオル,布類,
タオルケット,布類,
高枝ばさみ,粗大ごみ,1メートル以上は大型粗大ごみ。
卓上ガスコンロ,家庭金物,
卓上ガスコンロのボンベ,危険有害ごみ,中身を空にして安全な場所で安全な道具で穴を開ける。
竹製品（たけがき、竹馬等）,粗大ごみ,50センチメートル未満に切断して指定ごみ袋入れ口を結ぶことができれば燃やすごみ。
畳,粗大ごみ,1畳を4分割したものに限る。
卓球台,大型粗大ごみ,事業系廃棄物は収集不可。
棚,粗大ごみ,1メートル以上は大型粗大ごみ。
たばこの吸い殻,燃やすごみ,
たばこの箱,ミックスペーパー,
たばこの箱の中の銀紙,燃やすごみ,
卵のパック（紙製）,ミックスペーパー,
卵のパック（プラスチック製）,容器包装プラスチック,容器包装プラスチックのマークを確認する。
たらい（金属製）,家庭金物,50センチメートル以上は粗大ごみ。
たらい（プラスチック制）,燃やすごみ,50センチメートル以上は粗大ごみ。
たわし,燃やすごみ,
たわし（金属製）,不燃ごみ,
たんす（1辺の長さが1メートル未満のもの）,粗大ごみ,1メートル以上は大型粗大ごみ。
断熱材,収集不可,ページ下部「市では収集・処理できないもの」をご参照ください。
ダンベル（鉄アレイ）（金属製）,家庭金物,15キログラム以上または、50センチメートル以上は粗大ごみ。
ダンベル（プラスチック製）,燃やすごみ,
ダンボール,ダンボール,粘着物は外してひもで束ねて出す。
反物（着物）,布類,
品名,種別,留意点等
チェーン（金属製）,家庭金物,
チェーン（プラスチック製）,燃やすごみ,
チェスト,粗大ごみ,1メートル以上は大型粗大ごみ。
地球儀,不燃ごみ,50センチメートル以上は粗大ごみ。
チャイルドシート,粗大ごみ,
着火ライター,危険有害ごみ,使い切って出す。
チャック付ビニール袋,燃やすごみ,
茶の缶（金属製のフタを含む）,スチール缶,中身を空にして汚れを落とす。汚れているものは不燃ごみ。
茶の筒（紙製）,ミックスペーパー,つぶして紙袋に入れて出す。
茶箱,粗大ごみ,
注射器・注射針,収集不可,医療機関へ戻す。
チューナー（TV・オーディオ）,小型家電,50センチメートル以上は粗大ごみ。
チューブ（金属製）,不燃ごみ,
チューブ（食品・歯磨き・化粧品類）,容器包装プラスチック,容器包装プラスチックのマークを確認する。中身を空にして汚れを落とす。汚れが落ちなければ燃やすごみ。
ちらし（新聞折り込み）,新聞,新聞と一緒に束ねて出す。
ちらし（新聞折り込み以外）,ミックスペーパー,
ちり紙,燃やすごみ,
ちりとり（金属製）,家庭金物,50センチメートル以上は粗大ごみ。
ちりとり（プラスチック製）,燃やすごみ,50センチメートル以上は粗大ごみ。
品名,種別,留意点等
杖,指定品目,5本まで指定ごみ袋（大きさ不問）を巻いて不燃ごみの日に出す。
机,粗大ごみ,1メートル以上は大型粗大ごみ。
土,収集不可,ページ下部「市では収集・処理できないもの」をご参照ください。
つっぱり棒,指定品目,5本まで指定ごみ袋（大きさ不問）を巻いて不燃ごみの日に出す。
つめきり,家庭金物,
釣り具のおもり,不燃ごみ,
釣り具のリール（電動式）,小型家電,
釣り具のリール（非電動式）,不燃ごみ,
釣り竿,指定品目,5本まで指定ごみ袋（大きさ不問）を巻いて不燃ごみの日に出す。
釣り針,不燃ごみ,紙に包み指定ごみ袋に入れ「キケン」と表示する。
品名,種別,留意点等
Tシャツ,布類,
低周波治療器,小型家電,50センチメートル以上は粗大ごみ。
ティッシュペーパー,燃やすごみ,
ティッシュペーパーの箱,ミックスペーパー,ビニール部分は外して容器包装プラスチック。
DVD,燃やすごみ,なるべく拠点回収へ。
DVDプレーヤー,小型家電,50センチメートル以上は粗大ごみ。なるべく小型家電専用回収ボックスへ。
テーブル,粗大ごみ,1メートル以上は大型粗大ごみ。
手押し車,粗大ごみ,
鉄アレイ（ダンベル）,家庭金物,15キログラム以上または、50センチメートル以上は粗大ごみ。
デッキブラシ,指定品目,5本まで指定ごみ袋（大きさ不問）を巻いて不燃ごみの日に出す。
鉄板,粗大ごみ,厚さ4ミリメートル、長さ1メートル未満まで。それ以上のものは収集不可。
テニスラケット,指定品目,5本まで指定ごみ袋（大きさ不問）を巻いて不燃ごみの日に出す。
手ぬぐい,布類,
手袋,燃やすごみ,
テレビ（ブラウン管式・液晶式・プラズマ式）,家電4品目,ページ下部「市では収集・処理できないもの」をご参照ください。
テレビ台,粗大ごみ,1メートル以上は大型粗大ごみ。
電気あんか,小型家電,
電気温水器（大型）,収集不可,ページ下部「市では収集・処理できないもの」をご参照ください。
電気スタンド,小型家電,50センチメートル以上は粗大ごみ。蛍光管、電球は外す。
電気ポット,小型家電,
電球（白熱球・LED電球）,不燃ごみ,
電球型蛍光灯,危険有害ごみ,なるべく拠点回収へ。
電子オルガン（エレクトーン）,大型粗大ごみ,
点字製品,ミックスペーパー,感熱性発泡紙は燃やすごみ。
電子タバコ,小型家電,
電子ドラム,小型家電,50センチメートル以上は粗大ごみ。
電子ピアノ,収集不可,ページ下部「市では収集・処理できないもの」をご参照ください。
電子レンジ,小型家電,50センチメートル以上は粗大ごみ。
天体望遠鏡,粗大ごみ,
電卓,小型家電,なるべく小型家電専用回収ボックスへ。
電池（アルカリ・マンガン）,危険有害ごみ,拠点回収にも出せる。
電池（ニカド・ニッケル水素・リチウムイオン）,危険有害ごみ,拠点回収にも出せる。
電池（ボタン）,収集不可,ページ下部「市では収集・処理できないもの」をご参照ください。
テント（小型のみ）,粗大ごみ,
電動工具,小型家電,50センチメートル以上は粗大ごみ。
電動自転車,収集不可,ページ下部「市では収集・処理できないもの」をご参照ください。
電動歯ブラシ,小型家電,なるべく小型家電専用回収ボックスへ。
電動ベッド,収集不可,ページ下部「市では収集・処理できないもの」をご参照ください。
てんぷら油,燃やすごみ,拠点回収へ。燃やすごみへ出す場合は布や紙に染み込ませるか、固める。
電話機,小型家電,なるべく小型家電専用回収ボックスへ。
品名,種別,留意点等
砥石,不燃ごみ,
陶磁器（せともの）,不燃ごみ,50センチメートル以上は粗大ごみ。紙に包み指定ごみ袋に入れ「キケン」と表示する。
籐製品,燃やすごみ,50センチメートル以上は粗大ごみ。
灯油タンク（金属製）,不燃ごみ,中身を空にする。
時計（機械式）,不燃ごみ,50センチメートル以上は粗大ごみ。
時計（電池式）,小型家電,電池は外す。50センチメートル以上は粗大ごみ。
トースター,小型家電,
トタン（金属製、プラスチック製）,粗大ごみ,1メートル以上2メートル以内は大型粗大ごみ。
ドライバー（金属製）,家庭金物,
ドライヤー,小型家電,なるべく小型家電専用回収ボックスへ。
ドラム缶,収集不可,ページ下部「市では収集・処理できないもの」をご参照ください。
鳥かご（金属製）,家庭金物,受け皿は燃やすごみ。50センチメートル以上は粗大ごみ。
鳥かご（木製・プラスチック製）,燃やすごみ,50センチメートル以上は粗大ごみ。
トレイ（金属製）,家庭金物,
トレイ（食品用）,容器包装プラスチック,容器包装プラスチックのマークを確認する。汚れを落とす。汚れが落ちなければ燃やすごみ。
トレーニングマシン（健康器具）,大型粗大ごみ,1メートル未満は粗大ごみ。
ドレッサー（鏡台）,粗大ごみ,1メートル以上は大型粗大ごみ。
トレリス（ラティス・ウッドフェンス）,粗大ごみ,1メートル以上2メートル以内は大型粗大ごみ。
品名,種別,留意点等
ナイフ,不燃ごみ,紙に包み指定ごみ袋に入れ「キケン」と表示する。
長椅子（ベンチ）,大型粗大ごみ,
流し台,大型粗大ごみ,ホーロー製、コンクリート製は収集不可。
ナタ,不燃ごみ,紙に包み指定ごみ袋に入れ「キケン」と表示する。
捺染紙,燃やすごみ,
鍋（金属・ホーロー製）,家庭金物,
鍋（土鍋）,不燃ごみ,
生ごみ,燃やすごみ,水を切る。なるべく家庭用生ごみ処理容器等で処理。
生ごみ処理機（電動）,小型家電,50センチメートル以上は粗大ごみ。
品名,種別,留意点等
2段ベッド,大型粗大ごみ,
人形（金属製）,不燃ごみ,50センチメートル以上は粗大ごみ。
人形（布製・プラスチック製・木製・紙製）,燃やすごみ,50センチメートル以上は粗大ごみ。
人形ケース,不燃ごみ,50センチメートル以上は粗大ごみ。
品名,種別,留意点等
ぬいぐるみ,燃やすごみ,50センチメートル以上は粗大ごみ。
縫い針,不燃ごみ,紙に包み指定ごみ袋に入れ「キケン」と表示する。
布の切れはし,燃やすごみ,
品名,種別,留意点等
ネクタイ,布類,
ねじ,不燃ごみ,
品名,種別,留意点等
ノート,雑誌,
のこぎり,不燃ごみ,紙に包み指定ごみ袋に入れ「キケン」と表示する。
海苔の缶（金属製のフタを含む）,スチール缶,中身を空にして汚れを落とす。汚れているものは不燃ごみ。
品名,種別,留意点等
パーキングブロック,粗大ごみ,コンクリート製は収集不可。
バーベキューコンロ,家庭金物,50センチメートル以上は粗大ごみ。
バーベル,粗大ごみ,1メートル以上は大型粗大ごみ。
ハーモニカ（金属製）,家庭金物,
バイク,収集不可,ページ下部「市では収集・処理できないもの」をご参照ください。
灰皿（ガラス製）,不燃ごみ,
灰皿（金属製）,家庭金物,
パイプいす,家庭金物,50センチメートル以上は粗大ごみ。
パイプ製品（金属製）,家庭金物,50センチメートル以上は粗大ごみ。
パイプハンガー,家庭金物,50センチメートル以上は粗大ごみ。
バインダー,燃やすごみ,
バウンサー（赤ちゃんの揺りかご）,粗大ごみ,
はがき,ミックスペーパー,
剥製,不燃ごみ,50センチメートル以上は粗大ごみ。
白熱電球,不燃ごみ,
バケツ,燃やすごみ,金属製は家庭金物。
はさみ,不燃ごみ,紙に包み指定ごみ袋にいれ「キケン」と表示する。
はし（金属製）,家庭金物,
はしご,粗大ごみ,1メートル以上は大型粗大ごみ。
パソコン,収集不可,ページ下部「市では収集・処理できないもの」をご参照ください。
パソコンスキャナー,小型家電,50センチメートル以上は粗大ごみ。
パソコンデスク,粗大ごみ,1メートル以上は大型粗大ごみ。
パソコンプリンター,小型家電,50センチメートル以上は粗大ごみ。
パソコンモデム、ドライブ,小型家電,
パソコンモニター（ノート、デスクトップ）,収集不可,ページ下部「市では収集・処理できないもの」をご参照ください。
パソコンラック,粗大ごみ,1メートル以上は大型粗大ごみ。
バターの容器（金属製）,家庭金物,中身を空にして汚れを落とす。汚れているものは不燃ごみ。
バッテリー（自動車用）,収集不可,ページ下部「市では収集・処理できないもの」をご参照ください。
バッテリーチャージャー,小型家電,
発電機,収集不可,ページ下部「市では収集・処理できないもの」をご参照ください。
バット,指定品目,5本まで指定ごみ袋（大きさ不問）を巻いて不燃ごみの日に出す。
発泡スチロールの容器・梱包材,容器包装プラスチック,
バドミントンのラケット,指定品目,5本まで指定ごみ袋（大きさ不問）を巻いて不燃ごみの日に出す。
花火,燃やすごみ,水につけて発火しないようにする。
パネルヒーター（板状）,粗大ごみ,50センチメートル未満は小型家電。
歯ブラシ,燃やすごみ,
刃物,不燃ごみ,紙に包み指定ごみ袋に入れ「キケン」と表示する。
パラボラアンテナ（BS・CS等受信用）,粗大ごみ,50センチメートル未満は不燃ごみ。
針,不燃ごみ,紙に包み指定ごみ袋に入れ「キケン」と表示する。
針金,家庭金物,
ハンガー（金属製）,家庭金物,
ハンガー（木製・プラスチック製）,燃やすごみ,
ハンガーラック,粗大ごみ,
ハンカチ,布類,
半紙,燃やすごみ,
パンフレット,雑誌,
パン焼機（ホームベーカリー）,小型家電,50センチメートル以上は粗大ごみ。
品名,種別,留意点等
ピアノ（電子ピアノを含む）,収集不可,ページ下部「市では収集・処理できないもの」をご参照ください。
ビーズクッション,燃やすごみ,50センチメートル以上は粗大ごみ。
ビーチパラソル（ガーデンパラソル含む）,粗大ごみ,
ビールびん,あきびん,販売店に返却する。中身を空にして汚れを落とす。拠点回収にも出せる。
ひげそり（非電気式）,不燃ごみ,紙に包み指定ごみ袋にいれ「キケン」と表示する。
ビデオカメラ,小型家電,なるべく小型家電専用回収ボックスへ。
ビデオテープ,燃やすごみ,なるべく拠点回収へ。
ビデオデッキ,小型家電,50センチメートル以上は粗大ごみ。
ビニールシート,粗大ごみ,1メートル未満に切断し指定ごみ袋に入れて口を結べれば燃やすごみ。
火鉢,粗大ごみ,灰は抜く。
肥料,収集不可,ページ下部「市では収集・処理できないもの」をご参照ください。
品名,種別,留意点等
ファクス機,小型家電,50センチメートル以上は粗大ごみ。なるべく小型家電専用回収ボックスへ。
ファンヒーター（灯油・電気・ガス）,粗大ごみ,灯油は抜いて出す。50センチメートル未満は小型家電。
フィルムカメラ,小型家電,使い捨てカメラは燃やすごみ。なるべく小型家電専用回収ボックスへ。
封筒,ミックスペーパー,紙以外の部分は外して燃やすごみ。
風鈴（ガラス製・鉄製）,不燃ごみ,
フェルト,燃やすごみ,
フェンス,粗大ごみ,1メートル以上は大型粗大ごみ。
フォーク,燃やすごみ,金属製は家庭金物。
ふすま,粗大ごみ,1メートル以上2メートル以内は大型粗大ごみ。
フタ（金属製）,家庭金物,ガラス製は不燃ごみ。
フタ（プラスチック製）,容器包装プラスチック,容器包装プラスチックのマークを確認する。汚れを落とす。汚れが落ちなければ燃やすごみ。
ブックエンド（金属製）,家庭金物,
仏壇,粗大ごみ,1メートル以上は大型粗大ごみ。
筆箱（金属製）,家庭金物,
ふとん（羽毛）,燃やすごみ,指定ごみ袋に入れて口を結ぶ。
ふとん（綿）,粗大ごみ,布を剥ぎ中の綿を分けて指定ごみ袋に入れて口を結ぶことができれば燃やすごみ。
布団カバー,布類,
布団乾燥機,小型家電,
布団干し器,粗大ごみ,
踏み台（金属製）,家庭金物,50センチメートル以上は粗大ごみ。
踏み台（プラスチック製）,燃やすごみ,50センチメートル以上は粗大ごみ。
フライ返し（金属製）,家庭金物,
フライ返し（プラスチック製）,燃やすごみ,
フライパン,家庭金物,
ブラインド,大型粗大ごみ,1メートル未満は粗大ごみ。
プラスチック製密閉容器,燃やすごみ,
プランター（園芸用）,燃やすごみ,50センチメートル以上は粗大ごみ。
プリンター（複合機含む）,小型家電,50センチメートル以上は粗大ごみ。
ブルーシート,粗大ごみ,1メートル未満に切断し指定ごみ袋に入れて口を結べれば燃やすごみ。
風呂釜（24時間風呂）,収集不可,ページ下部「市では収集・処理できないもの」をご参照ください。
風呂釜（ガス釜のみ）,粗大ごみ,
プロジェクションTV,大型粗大ごみ,
プロジェクター,粗大ごみ,50センチメートル未満は小型家電。
プロジェクタースクリーン,粗大ごみ,
風呂敷,燃やすごみ,
ブロック（コンクリート製）,収集不可,ページ下部「市では収集・処理できないもの」をご参照ください。
フロッピーディスク,燃やすごみ,なるべく拠点回収へ。
風呂のふた（プラスチック製）,燃やすごみ,50センチメートル以上は粗大ごみ。
文鎮（ぶんちん）,家庭金物,
文房具（金属製）,不燃ごみ,
文房具（木製・プラスチック製）,燃やすごみ,
噴霧器,粗大ごみ,50センチメートル未満は不燃ごみ。
品名,種別,留意点等
ヘアスプレー缶,危険有害ごみ,中身を空にして安全な場所で安全な道具で穴を開ける。
ヘアピン,不燃ごみ,
ベッド（電動ベッド・介護用ベッド）,収集不可,ページ下部「市では収集・処理できないもの」をご参照ください。
ベッド（枠・フレームのみ）,大型粗大ごみ,1メートル未満は粗大ごみ。
ペットケージ（金属製）,家庭金物,50センチメートル以上は粗大ごみ。
ペットケージ（プラスチック製・木製）,燃やすごみ,50センチメートル以上は粗大ごみ。
ペット小屋,粗大ごみ,
ペットのトイレ用砂,燃やすごみ,
ペットのフン,収集不可,トイレに流す。
ペットフードの缶（金属製のフタを含む）※アルミ製,アルミ缶,マークを確認する。中身を空にして汚れを落とす。汚れているものは不燃ごみ。
ペットフードの缶（金属製のフタを含む）※スチール製,スチール缶,マークを確認する。中身を空にして汚れを落とす。汚れているものは不燃ごみ。
ペットボトル,ペットボトル,ペットボトルマークを確認する。汚れを落とす。汚れが落ちなければ燃やすごみ。
ヘッドホン,小型家電,なるべく小型家電専用回収ボックスへ。
ベニヤ板,燃やすごみ,50センチメートル以上は粗大ごみ。1メートル以上2メートル以内は大型粗大ごみ。
ベビーカー（2人乗り用も含む）,粗大ごみ,
ベビーゲート,粗大ごみ,
ベビーたんす,粗大ごみ,
ベビーバス,粗大ごみ,
ベビーベッド,粗大ごみ,
ヘラ（金属製）,家庭金物,
ベルトのバックル,家庭金物,
ヘルメット,不燃ごみ,
ペンキ缶,不燃ごみ,中身は布や紙に染み込ませるか固めて燃やすごみ。
便器等陶器の型物,不燃ごみ,50センチメートル以上は粗大ごみ。
ペンキのスプレー缶,危険有害ごみ,中身を空にして安全な場所で安全な道具で穴を開ける。
ベンチ（縁台）,粗大ごみ,1メートル以上は大型粗大ごみ。
弁当箱,燃やすごみ,金属製は家庭金物。
品名,種別,留意点等
ボイラー（ガス炊きのみ）,粗大ごみ,
ほうき,指定品目,5本まで指定ごみ袋（大きさ不問）を巻いて不燃ごみの日に出す。
帽子,燃やすごみ,
包装紙,ミックスペーパー,
包丁,不燃ごみ,紙に包み指定ごみ袋に入れ「キケン」と表示する。
包丁研ぎ器（非電気式）,燃やすごみ,
ボウリングの球,不燃ごみ,
ボウル（金属製）,家庭金物,
ホース,粗大ごみ,1メートル未満に切断し指定ごみ袋に入れて口を結べれば燃やすごみ。
ホースリール（金属製）,家庭金物,ホースは取り除く。
ホースリール（プラスチック製）,燃やすごみ,ホースは巻いたままで可。
ポータブルトイレ,粗大ごみ,
ボール（バレー・バスケット・サッカー・野球・テニス・ゴルフ等）,燃やすごみ,
ボールペン（金属製）,不燃ごみ,
ボールペン（プラスチック製）,燃やすごみ,
木刀,指定品目,5本まで指定ごみ袋（大きさ不問）を巻いて不燃ごみの日に出す。
歩行器,粗大ごみ,
ポスター,ミックスペーパー,
保存袋（ビニール製）,燃やすごみ,
ボタン,燃やすごみ,
ボタン電池,収集不可,ページ下部「市では収集・処理できないもの」をご参照ください。
ホチキス（ステープラー）,不燃ごみ,
ホチキス（ステープラー）の針,不燃ごみ,
ポット（湯沸かし機能有り）,小型家電,
ポット（湯沸かし機能無し）,不燃ごみ,
ホットカーペット,粗大ごみ,1メートル未満に切断して指定ごみ袋に入れ口を結ぶことができれば燃やすごみ。コントローラーは小型家電。
ホットプレート（本体）,小型家電,
ホットプレートのプレートのみ,家庭金物,
ボディーボード,粗大ごみ,
ボビン,不燃ごみ,プラスチック製は燃やすごみ。
ポリタンク,燃やすごみ,指定ごみ袋に入れ口を結んで出す。口を結べない場合は1個に対し40リットルの指定ごみ袋を1枚貼り付けて燃やすごみの日に出す。
ポリバケツ,粗大ごみ,
保冷剤（車載用）,不燃ごみ,
保冷剤,燃やすごみ,
本,雑誌,
本立て（金属製）,家庭金物,
本棚,粗大ごみ,1メートル以上は大型粗大ごみ。
本箱,粗大ごみ,1メートル以上は大型粗大ごみ。
ポンプ（電動）,小型家電,50センチメートル以上は粗大ごみ。
品名,種別,留意点等
麻雀卓,粗大ごみ,
麻雀卓（自動）,収集不可,ページ下部「市では収集・処理できないもの」をご参照ください。
麻雀牌,燃やすごみ,
麻雀用のマット,燃やすごみ,
マガジンラック（金属製）,家庭金物,
薪ストーブ,粗大ごみ,
枕,燃やすごみ,
マジックペン,燃やすごみ,
マッサージ器（いす型）,大型粗大ごみ,
マット（玄関・トイレ・風呂等）,燃やすごみ,
マットレス（ウレタン）,燃やすごみ,折目で3分割に切り、紐またはガムテープでひとまとめにして、40リットルの指定ごみ袋を1枚貼り付けて燃やすごみ。切れない場合は粗大ごみ。
マットレス（スプリング入り）,大型粗大ごみ,
松葉杖,指定品目,5本まで指定ごみ袋（大きさ不問）を巻いて不燃ごみの日に出す。
窓付き封筒,ミックスペーパー,紙以外の部分（セロハンなど）は外して燃やすごみ。
まな板,燃やすごみ,50センチメートル以上は粗大ごみ。
マフラー,布類,
万年筆,不燃ごみ,
品名,種別,留意点等
ミシン（足踏み）,粗大ごみ,1メートル以上は大型粗大ごみ。
ミシン（卓上）,小型家電,50センチメートル以上は粗大ごみ。
水着,燃やすごみ,
ミニコンポ（スピーカーを除く）,小型家電,50センチメートル以上は粗大ごみ。
品名,種別,留意点等
虫かご（金属製）,家庭金物,50センチメートル以上は粗大ごみ。
虫かご（木製・プラスチック製）,燃やすごみ,50センチメートル以上は粗大ごみ。
蒸し器（金属製）,家庭金物,
蒸し器（木製・プラスチック製）,燃やすごみ,
虫ピン,不燃ごみ,紙に包み指定ごみ袋に入れ「キケン」と表示する。
品名,種別,留意点等
名刺入れ（金属製）,家庭金物,
メガネ,不燃ごみ,
メガネケース（金属製）,不燃ごみ,
メガネケース（プラスチック製）,燃やすごみ,
品名,種別,留意点等
毛布,粗大ごみ,1メートル未満に切断し指定ごみ袋に入れて口を結べれば燃やすごみ。
餅つき機,小型家電,50センチメートル以上は粗大ごみ。
モップ,指定品目,5本まで指定ごみ袋（大きさ不問）を巻いて不燃ごみの日に出す。
物置,大型粗大ごみ,解体済のもので2メートルまでに限る。
ものさし（金属製）,家庭金物,
物干し竿（金属製）,家庭金物,50センチメートル以上は粗大ごみ。
物干し台（コンクリート製・プラスチック製）,粗大ごみ,2個1セット。
モルタル,収集不可,ページ下部「市では収集・処理できないもの」をご参照ください。
門のジャバラ部分,粗大ごみ,畳んだ時に1辺が1メートル以上は大型粗大ごみ。
門扉,粗大ごみ,1メートル以上は大型粗大ごみ。
品名,種別,留意点等
やかん,家庭金物,
焼き網,家庭金物,50センチメートル以上は粗大ごみ。
やすり（金属製）,家庭金物,
柳ごおり,粗大ごみ,
品名,種別,留意点等
床掃除用ワイパー（柄のあるもの）,指定品目,5本まで指定ごみ袋（大きさ不問）を巻いて不燃ごみの日に出す。
油性ペン,燃やすごみ,
湯たんぽ（金属製）,家庭金物,
湯沸し器,粗大ごみ,
品名,種別,留意点等
ヨーグルトのフタ,燃やすごみ,
ヨーグルトのカップ（紙製）,燃やすごみ,
浴槽（バスタブ）,収集不可,ページ下部「市では収集・処理できないもの」をご参照ください。
よしず,粗大ごみ,50センチメートル未満に切断して指定ごみ袋に入れ口を結ぶことができれば燃やすごみ。
品名,種別,留意点等
ライター,危険有害ごみ,中身を使い切る。
ライティングデスク,大型粗大ごみ,
ラケット（卓球）,燃やすごみ,
ラケット（テニス・バドミントン）,指定品目,5本まで指定ごみ袋（大きさ不問）を巻いて不燃ごみの日に出す。
ラジオ・ラジカセ,小型家電,50センチメートル以上は粗大ごみ。なるべく小型家電専用回収ボックスへ。
ラップ（生鮮食品や弁当等の商品の包装）,容器包装プラスチック,容器包装プラスチックマークの表示がなくても容器包装プラスチックで出せる。
ラップ（家庭で保存等のために使用したもの）,燃やすごみ,
ラップケースの刃（紙製）,燃やすごみ,
ラップケースの刃（金属製）,不燃ごみ,紙に包み指定ごみ袋に入れ「キケン」と表示する。
ラティス（ウッドフェンス）,粗大ごみ,1メートル以上2メートル以内は大型粗大ごみ。
ランドセル,燃やすごみ,
ランニングマシーン,大型粗大ごみ,1メートル未満は粗大ごみ。
品名,種別,留意点等
リース（木製）,燃やすごみ,50センチメートル以上は粗大ごみ。
リヤカー,大型粗大ごみ,1メートル未満は粗大ごみ。
品名,種別,留意点等
ルアー,不燃ごみ,紙に包み指定ごみ袋に入れ「キケン」と表示する。
ルーフキャリア（棒状・はしご型）,粗大ごみ,ボックス型は収集不可。
ルームランナー,粗大ごみ,1メートル以上は大型粗大ごみ。
品名,種別,留意点等
冷蔵庫,家電4品目,ページ下部「市では収集・処理できないもの」をご参照ください。
冷凍庫,家電4品目,ページ下部「市では収集・処理できないもの」をご参照ください。
冷風機,小型家電,冷媒を使用していないもの。50センチメートル以上は粗大ごみ。
レインコート,燃やすごみ,
レコード（EP・LP・SP）,燃やすごみ,なるべく拠点回収へ。
レシート（感熱紙）,燃やすごみ,普通紙ならミックスペーパー。
レジ袋,容器包装プラスチック,
レジャーシート,粗大ごみ,1メートル未満に切断し指定ごみ袋に入れて口を結べれば燃やすごみ。
レジャー用イス,不燃ごみ,50センチメートル以上は粗大ごみ。
レジャー用テーブル,粗大ごみ,1メートル以上は大型粗大ごみ。
レターケース（金属製）,家庭金物,
レトルトパック,容器包装プラスチック,容器包装プラスチックマークを確認する。汚れを落とす。汚れが落ちなければ燃やすごみ。
レンガ,収集不可,ページ下部「市では収集・処理できないもの」をご参照ください。
レンジ台,粗大ごみ,1メートル以上は大型粗大ごみ。
レンジフードファン,粗大ごみ,
品名,種別,留意点等
ロープ,燃やすごみ,1メートル未満に切断し指定ごみ袋に入れて口を結べれば燃やすごみ。
ローラーブレード・ローラーシューズ・ローラースケート,不燃ごみ,
ロッカー（金属製）,家庭金物,50センチメートル以上は粗大ごみ。
ロッキングチェア,大型粗大ごみ,
ロデオマシーン（乗馬型健康器具）,粗大ごみ,1メートル以上は大型粗大ごみ。
ロボットクリーナー,小型家電,
品名,種別,留意点等
ワープロ,小型家電,50センチメートル以上は粗大ごみ。
ワイシャツ,布類,
ワイヤー（金属製）,家庭金物,
ワインセラー,家電4品目,ページ下部「市では収集・処理できないもの」をご参照ください。
輪ゴム,燃やすごみ,
ワゴン（配膳・作業用）,粗大ごみ,50センチメートル未満の金属製は家庭金物。1メートル以上は大型粗大ごみ。
綿・綿入りのもの,燃やすごみ,
燃やすごみ,毎週火・金曜日,毎週月・木曜日
不燃ごみ・ペットボトル,毎週木曜日,毎週金曜日
容器包装プラスチック,毎週水曜日,毎週水曜日
あきびん,第2・第4水曜日,第1・第3水曜日
草・葉・植木ごみ,第1・第3・第5月曜日,第1・第3・第5火曜日
危険有害ごみ・小型家電,第2・第4月曜日,第2・第4火曜日
燃やすごみ,毎週火・金曜日,毎週月・木曜日
不燃ごみ・ペットボトル,毎週木曜日,毎週金曜日
容器包装プラスチック,毎週水曜日,毎週水曜日
あきびん,第2・第4水曜日,第1・第3水曜日
草・葉・植木ごみ,第1・第3・第5月曜日,第1・第3・第5火曜日
危険有害ごみ・小型家電,第2・第4月曜日,第2・第4火曜日
分別ごみ,中間処理,資源化内訳
燃やすごみ,焼却→焼却灰,路盤材など
不燃ごみ,破砕・選別,鉄類→建築用鋼材など
危険有害ごみ（カセットボンベ・スプレー缶）,選別・圧縮,アルミ→アルミ缶・アルミ製品など＊ボーキサイトからアルミを作る場合に比べ97％のエネルギー削減スチール→スチール缶等の鋼板・建築用鋼材など＊鉄鉱石から鉄を作る場合に比べ75％のエネルギー削減
危険有害ごみ（蛍光管）,委託,ガラス、アルミ、鉄、水銀、蛍光粉など
危険有害ごみ（乾電池）,委託,鉄、マンガン、亜鉛など
ペットボトル,選別・圧縮,繊維、シート、ボトル、成型品など
容器包装プラスチック,選別・圧縮,パレット、再生樹脂、土木建築資材、高炉還元剤など
びん類,委託,ガラスびん、ガラス短繊維、舗装用骨材など
草・葉・植木ごみ,粉砕,堆肥、チップ
草・葉・植木ごみ,委託,堆肥、燃料など
小型家電,委託,鉄、銅、金、銀、レアメタル（希少金属）など
新聞,集団資源回収,新聞紙、週刊誌、印刷用紙など
雑誌,集団資源回収,雑誌、段ボール箱など
段ボール,集団資源回収,段ボール箱、紙筒など
飲料用紙パック,集団資源回収,トイレットペーパー、ティッシュペーパーなど
ミックスペーパー,集団資源回収,お菓子の箱、絵本、トイレットペーパーなど
布類,集団資源回収,軍手、ウエス、フェルトなど
アルミ缶,集団資源回収,アルミ缶、自動車部品など
スチール缶,集団資源回収,スチール缶、建築用鋼材、自動車部品など
家庭金物,集団資源回収,建築用鋼材など
粗大ごみ,破砕・選別,鉄類→建築用鋼材など
廃食用油,委託,バイオディーゼル燃料、工業製品原料など
CD・カセットテープ,委託,プラスチック原料など